"–ü—Ä–æ–¥–∞–º {machine}, {year}, {hours} –º/—á. –¶–µ–Ω–∞: {price}."
"–ü—Ä–æ–¥–∞–º {brand} {model}. –ì–æ–¥: {year}. –ú–æ—Ç–æ—á–∞—Å—ã: {motochasi_value}. –î–≤–∏–≥–∞—Ç–µ–ª—å: {engine_power} –ª.—Å., {engine_volume}. {state}. {price_value} —Ä—É–±."
–ü—Ä–æ–¥–∞–º {brand} {model} {year} –≥.–≤. {state}. {probeg_value} {probeg}. {motochasi_value} {motochasi}. {engine_power} –ª.—Å. {engine_volume}. {privod}. {price_value} —Ä—É–±.
–û—Ç—á—ë—Ç –ø–æ —ç–∫–æ–ª–æ–≥–∏—á–Ω–æ—Å—Ç–∏: {machine_type} {brand} {model} ({year}) —Å–æ–æ—Ç–≤–µ—Ç—Å—Ç–≤—É–µ—Ç –Ω–æ—Ä–º–∞–º –ï–≤—Ä–æ-{euro_class}. –î–≤–∏–≥–∞—Ç–µ–ª—å: {engine_desc}.
"{machine}, {year} –≥.–≤., {hours} –º/—á. {engine_desc}. {condition}. {extra}. –¶–µ–Ω–∞: {price}. –ë–µ–∑ –ø–æ—Å—Ä–µ–¥–Ω–∏–∫–æ–≤!"
"–ü—Ä–æ–¥–∞—é {machine}, {year} –≥., {engine_desc}, {hours} –º/—á. {condition}. {extra}. –¶–µ–Ω–∞: {price}. –ü–æ–¥—Ö–æ–¥–∏—Ç –¥–ª—è –ª–µ—Å–æ–∑–∞–≥–æ—Ç–æ–≤–∫–∏!"
"–ó–∞–±–∏—Ä–∞–π ‚Äî –Ω–µ –≥—Ä–µ—à–∏! {machine}, {year}, {hours} –º/—á. {engine_desc}. {condition}. {extra}. {price}."
"–ì—Ä–µ–π–¥–µ—Ä {brand} {model} ‚Äî —Å–æ—Å—Ç–æ—è–Ω–∏–µ –∫–∞–∫ –Ω–æ–≤—ã–π. {year}, {engine_power} –ª.—Å., {motochasi_value} –º/—á. {price_value} —Ä—É–±."
"–ü—Ä–æ–¥–∞—é {brand} {model} ({les_type}). {year} –≥–æ–¥–∞ –≤—ã–ø—É—Å–∫–∞. –ü—Ä–æ–±–µ–≥: {probeg_value} {probeg}. –î–≤–∏–≥–∞—Ç–µ–ª—å: {engine_power} –ª.—Å., {engine_volume}. –°–æ—Å—Ç–æ—è–Ω–∏–µ: {state}. –¶–µ–Ω–∞: {price_value} —Ä—É–±."
"–ü—Ä–æ–¥–∞—é {brand} {model} ({les_type}). –ò—Å–ø–æ–ª—å–∑—É–µ—Ç—Å—è –¥–ª—è {les_operation_type}. {year} –≥–æ–¥–∞ –≤—ã–ø—É—Å–∫–∞. –ù–∞—Ä–∞–±–æ—Ç–∫–∞: {motochasi_value} –º–æ—Ç–æ—á–∞—Å–æ–≤. –î–≤–∏–≥–∞—Ç–µ–ª—å: {engine_power} –ª.—Å., {engine_volume}. –¶–µ–Ω–∞: {price_value} —Ä—É–±."
–ü—Ä–æ–¥–∞–º –±—É–ª—å–¥–æ–∑–µ—Ä {brand} {model}. {year} –≥–æ–¥–∞. {engine_desc}. {hours} –º/—á. {condition}. {extra}. {price}.
–ö–∞—Ä—Ç–∞ —Ç–µ—Ö–æ–±—Å–ª—É–∂–∏–≤–∞–Ω–∏—è: {machine_type} {brand} {model} ({year}) ‚Äî –∑–∞–º–µ–Ω–µ–Ω–æ –º–∞—Å–ª–æ –≤ –î–í–° ({engine_desc}) –Ω–∞ {motochasi_value} –º/—á.
"–ü—Ä–æ–¥–∞—é {machine}, {year} –≥., {engine_desc}, {hours} –º/—á. {condition}. {extra}. –¶–µ–Ω–∞: {price}. –ü–æ–¥—Ö–æ–¥–∏—Ç –¥–ª—è —Ä–µ–∫–ª–∞–º—ã!"
–ü—Ä–æ–¥–∞–º {brand} {model} {year} –≥.–≤. {state}. {probeg_value} {probeg}. {motochasi_value} {motochasi}. {engine_power} –ª.—Å. {engine_volume}. {hod_traktora}. {price_value} —Ä—É–±.
"–ü—Ä–æ–¥–∞—é {machine}, {year} –≥., {engine_desc}, {hours} –º/—á. {condition}. {extra}. –¶–µ–Ω–∞: {price}. –ü–æ–¥—Ö–æ–¥–∏—Ç –¥–ª—è –Ω–æ–≤–æ–≥–æ –ø—Ä–æ–µ–∫—Ç–∞!–ü—Ä–æ–¥–∞—é {machine_type} {brand} {model}, {year} –≥.–≤. –î–≤–∏–≥–∞—Ç–µ–ª—å: {engine_desc}. –ù–∞—Ä–∞–±–æ—Ç–∫–∞: {hours} –º/—á. {condition}. –¶–µ–Ω–∞: {price}."
"–ü—Ä–æ–¥–∞—é {machine}, {year} –≥., {engine_desc}, {hours} –º/—á. {condition}. {extra}. –¶–µ–Ω–∞: {price}. –í–æ–∑–º–æ–∂–µ–Ω –æ–±–º–µ–Ω –Ω–∞ –Ω–µ–¥–≤–∏–∂–∏–º–æ—Å—Ç—å."
"–¢–µ—Ö–Ω–∏–∫–∞ —Å—Ç–æ–∏—Ç –≤ –∫—Ä—ã—Ç–æ–º –±–æ–∫—Å–µ. {machine}, {year}, {hours} –º/—á. {engine_desc}. {condition}. {extra}. {price}."
"–ü—Ä–æ–¥–∞—é {machine} {year} –≥–æ–¥–∞. {engine_desc}, {hours} –º/—á. {condition}. {extra}. –¶–µ–Ω–∞: {price}."
"–ü—Ä–æ–¥–∞—é {brand} {model}, {year} –≥., {probeg_value} {probeg}, {motochasi_value} {motochasi}, –¥–≤–∏–∂–æ–∫ {engine_power} –ª.—Å., {engine_volume}, {price_value} —Ä—É–±."
"–¢–µ—Ö–Ω–∏–∫–∞ –≤ —Ä–∞–±–æ—Ç–µ –¥–æ —Å–∏—Ö –ø–æ—Ä ‚Äî –ø—Ä–æ–¥–∞—é –∏–∑-–∑–∞ –æ–±–Ω–æ–≤–ª–µ–Ω–∏—è –ø–∞—Ä–∫–∞. {machine}, {year}, {hours} –º/—á. {engine_desc}. {condition}. {extra}. {price}."
"–¢–æ–ª—å–∫–æ —É –Ω–∞—Å: {machine} —Å –¥–≤–∏–≥–∞—Ç–µ–ª–µ–º {engine_desc}. {year}, {hours} –º/—á. {condition}. {extra}. {price}."
"–ê—Ä—Ö–∏–≤–Ω–∞—è —Å–ø—Ä–∞–≤–∫–∞: –ø–æ —Å–æ—Å—Ç–æ—è–Ω–∏—é –Ω–∞ {archive_date}, –≤ –ø–∞—Ä–∫–µ —á–∏—Å–ª–∏–ª—Å—è {machine_type} {brand} {model} ({year}), –Ω–∞—Ä–∞–±–æ—Ç–∫–∞ ‚Äî {motochasi_value} –º–æ—Ç–æ—á–∞—Å–æ–≤, –≤–ª–∞–¥–µ–ª–µ—Ü ‚Äî {owner_org}."
"–ü—Ä–æ–¥–∞—é {machine}, {year}, {engine_desc}, {hours} –º/—á, {condition}. –¶–µ–Ω–∞: {price}."
"–¢–µ—Ö–Ω–∏–∫–∞ –≤ –Ω–æ—Ä–º–µ. {machine}, {year} –≥., {engine_desc}, {hours} –º/—á. {extra}. –¶–µ–Ω–∞: {price}."
–°–æ–±—Å—Ç–≤–µ–Ω–Ω–∏–∫. {machine} {year}. {engine_desc}. {hours} –º/—á. {condition}. {price}.
"–ü—Ä–æ–¥–∞—é {machine}, {year} –≥., {engine_desc}, {hours} –º/—á. {condition}. {extra}. –¶–µ–Ω–∞: {price}. –ü–æ–¥—Ö–æ–¥–∏—Ç –¥–ª—è –º–æ–¥–µ—Ä–Ω–∏–∑–∞—Ü–∏–∏!"
"–ü—Ä–æ–¥–∞—é {machine}, {year} –≥., {engine_desc}, {hours} –º/—á. {condition}. {extra}. –¶–µ–Ω–∞: {price}. –í—Å—ë –∫–∞–∫ –Ω–∞–¥–æ!"
"–¢–µ—Ö–Ω–∏–∫–∞ –≤ —Ä–∞–±–æ—Ç–µ –¥–æ —Å–∏—Ö –ø–æ—Ä. {machine}, {year}, {engine_desc}, {hours} –º/—á. {condition}. {price}."
–ü—Ä–æ–¥–∞—é {brand} {model} {year} –≥.–≤. {state}. {probeg_value} {probeg}. {motochasi_value} {motochasi}. {engine_power} –ª.—Å. {engine_volume}. {podveska_kabini}. {tip_kabini}. {price_value} —Ä—É–±.
"–ü—Ä–æ–¥–∞—é ‚Äî –Ω–∞–¥–æ–µ–ª–æ –ø–ª–∞—Ç–∏—Ç—å –Ω–∞–ª–æ–≥–∏ –∑–∞ –ø—Ä–æ—Å—Ç–æ–π. {machine}, {year}, {hours} –º/—á. {engine_desc}. {condition}. {extra}. {price}."
–û—Ç—á—ë—Ç –æ —Å–ø–∏—Å–∞–Ω–∏–∏: —Ç–µ—Ö–Ω–∏–∫–∞ {machine_type} {brand} {model} ({year}) —Å–ø–∏—Å–∞–Ω–∞ –ø–æ –∏–∑–Ω–æ—Å—É. –ò—Ç–æ–≥–æ–≤–∞—è –Ω–∞—Ä–∞–±–æ—Ç–∫–∞: {hours} –º/—á. –ü—Ä–∏—á–∏–Ω–∞: {write_off_reason}.
"–î–æ—Å—Ç–∞–≤–∫–∞ –ø–æ –†–§. {machine}, {engine_desc}, {year}, {hours} –º/—á. {condition}. {extra}. {price}."
–ü—Ä–æ–¥–∞—é {brand} {model} {year} –≥.–≤. {state}. {probeg_value} {probeg}. {motochasi_value} {motochasi}. {engine_power} –ª.—Å. {engine_volume}. {hod_traktora}. {price_value} —Ä—É–±.
–¢–µ—Ö–Ω–∏–∫–∞ {brand} {model} {year} –≥.–≤. {state}. –ü—Ä–æ–±–µ–≥: {probeg_value} {probeg}. {motochasi_value} {motochasi}. {engine_power} –ª.—Å. {engine_volume}. {korobka_peredach}. {price_value} —Ä—É–±.
"–ü—Ä–æ–¥–∞–º —Ç–µ—Ö–Ω–∏–∫—É –±–µ–∑ —Ç–æ—Ä–≥–∞ ‚Äî —Ç–æ–ª—å–∫–æ —Å–µ—Ä—å—ë–∑–Ω—ã–º –ø–æ–∫—É–ø–∞—Ç–µ–ª—è–º. {machine}, {year}, {hours} –º/—á. {engine_desc}. {condition}. {extra}. {price}."
"–ü—Ä–æ–¥–∞—é {machine}, {year} –≥., {engine_desc}, {hours} –º/—á. {condition}. {extra}. –¶–µ–Ω–∞: {price}. –í—Å—ë –≤ —Ä–∞–±–æ—á–µ–º —Å–æ—Å—Ç–æ—è–Ω–∏–∏!"
"–ü—Ä–æ–¥–∞—é {machine}, {year} –≥., {engine_desc}, {hours} –º/—á. {condition}. {extra}. –¶–µ–Ω–∞: {price}. –°–æ—Å—Ç–æ—è–Ω–∏–µ ‚Äî –æ—Ç–ª–∏—á–Ω–æ–µ!"
–û—Ç—á—ë—Ç –∏–Ω—Å–ø–µ–∫—Ç–æ—Ä–∞: —Ç–µ—Ö–Ω–∏–∫–∞ {machine_type} {brand} {model} ({year}) —Å–æ–æ—Ç–≤–µ—Ç—Å—Ç–≤—É–µ—Ç —Ç—Ä–µ–±–æ–≤–∞–Ω–∏—è–º. –î–≤–∏–≥–∞—Ç–µ–ª—å {engine_desc} –∏—Å–ø—Ä–∞–≤–µ–Ω. –ù–∞—Ä–∞–±–æ—Ç–∫–∞: {hours} –º/—á. –†–µ–∫–æ–º–µ–Ω–¥–æ–≤–∞–Ω–æ: {recommendation}.
–ü—Ä–æ–¥–∞—é {brand} {model} {year} –≥.–≤. {state}. {probeg_value} {probeg}. {motochasi_value} {motochasi}. {engine_power} –ª.—Å. {engine_volume}. {korobka_peredach}. {price_value} —Ä—É–±.
–¢–µ–ª–µ–º–∞—Ç–∏–∫–∞: {machine_type} {brand} {model} (ID: {telematics_id}) –∑–∞—Ñ–∏–∫—Å–∏—Ä–æ–≤–∞–ª {motochasi_value} –º/—á –Ω–∞ {date}. –î–≤–∏–≥–∞—Ç–µ–ª—å: {engine_desc}. –¢–µ–º–ø–µ—Ä–∞—Ç—É—Ä–∞ –º–∞—Å–ª–∞: {oil_temp}¬∞C.
"–ü—Ä–æ–¥–∞—é {brand} {model} ‚Äî –±–µ–∑ –ø—Ä–∏–∫—Ä–∞—Å: {year}, {motochasi_value} –º/—á, {engine_desc}. {state}. {price_value} —Ä—É–±."
"–ò–¥–µ–∞–ª—å–Ω—ã–π –≤–∞—Ä–∏–∞–Ω—Ç –¥–ª—è —Ä–∞–±–æ—Ç—ã! {machine}, {year}, {hours} –º/—á. {engine_desc}. {condition}. {extra}. –í–æ–∑–º–æ–∂–µ–Ω —Ç–æ—Ä–≥. {price}."
"–ü—Ä–æ–¥–∞—é {machine}, {year} –≥., {engine_desc}, {hours} –º/—á. {condition}. –¶–µ–Ω–∞: {price}."
–ü—Ä–æ–¥–∞—é {brand} {model} {year} –≥.–≤. {state}. {probeg_value} {probeg}. {motochasi_value} {motochasi}. {engine_power} –ª.—Å. {engine_volume}. {pricep_type}. {loading_weight}. {price_value} —Ä—É–±.
–ü—Ä–æ–¥–∞–º {machine} {year} –≥–æ–¥–∞. {engine_desc}. {hours} –º/—á. –¶–µ–Ω–∞: {price}.
"–ü—Ä–æ–¥–∞—é {brand} {model} ({les_type}). –ò—Å–ø–æ–ª—å–∑—É–µ—Ç—Å—è –≤ {les_area_type}. {year} –≥–æ–¥–∞ –≤—ã–ø—É—Å–∫–∞. –ù–∞—Ä–∞–±–æ—Ç–∫–∞: {motochasi_value} –º–æ—Ç–æ—á–∞—Å–æ–≤. –î–≤–∏–≥–∞—Ç–µ–ª—å: {engine_power} –ª.—Å., {engine_volume}. –¶–µ–Ω–∞: {price_value} —Ä—É–±."
–ì–æ–¥ –≤—ã–ø—É—Å–∫–∞: {year}. –ú–∞—à–∏–Ω–∞: {machine}. –î–≤–∏–≥–∞—Ç–µ–ª—å: {engine_desc}. –ú–æ—Ç–æ—á–∞—Å—ã: {hours}. {condition}. {price}.
–°—Ä–æ—á–Ω–∞—è –ø—Ä–æ–¥–∞–∂–∞! {machine} {year} –≥.–≤. {engine_desc}. {condition}. {extra}. {price}. –°—Ä–æ—á–Ω–æ! –ó–≤–æ–Ω–∏—Ç—å –¥–æ 21:00.
"–ü—Ä–æ–¥–∞–º {brand} {model} ({les_type}). {year} –≥., –Ω–∞—Ä–∞–±–æ—Ç–∫–∞: ~{motochasi_value} –º/—á. –î–≤–∏–≥–∞—Ç–µ–ª—å {engine_power} –ª.—Å., {engine_volume}. –¶–µ–Ω–∞: {price_value} —Ä—É–±."
"–ü—Ä–æ–¥–∞—é {machine}, {year} –≥., {engine_desc}, {hours} –º/—á. {condition}. {extra}. –¶–µ–Ω–∞: {price}. –ü–æ–¥—Ö–æ–¥–∏—Ç –¥–ª—è —Ç–µ—Å—Ç–∏—Ä–æ–≤–∞–Ω–∏—è!"
–ü—Ä–æ–¥–∞—é {brand} {model} {year} –≥.–≤. {state}. {probeg_value} {probeg}. {motochasi_value} {motochasi}. {engine_power} –ª.—Å. {engine_volume}. {tip_tormozov}. {price_value} —Ä—É–±.
"–ü—Ä–æ–¥–∞—é —Ö–∞—Ä–≤–µ—Å—Ç–µ—Ä ‚Äî –Ω–µ –¥—ã–º–∏—Ç, –Ω–µ —Å—Ç—É—á–∏—Ç! {brand} {model}, {year}, {engine_desc}, {hours} –º/—á. {price}."
"–ü—Ä–æ–¥–∞—é {machine}, {year} –≥. –¶–µ–Ω–∞: {price}."
"–°–æ–±—Å—Ç–≤–µ–Ω–Ω–∏–∫. {machine} {year} –≥. {engine_desc}. {condition}. {extra}. –ì–∏–¥—Ä–∞–≤–ª–∏–∫–∞, —Å—Ç—Ä–µ–ª–∞, –∫–∞–±–∏–Ω–∞ ‚Äî –≤—Å—ë –≤ —Ä–∞–±–æ—á–µ–º —Å–æ—Å—Ç–æ—è–Ω–∏–∏. {price}."
"–ü—Ä–æ–¥–∞—é {machine}, {year} –≥., {engine_desc}, {hours} –º/—á. {condition}. {extra}. –¶–µ–Ω–∞: {price}. –ü–æ–¥—Ö–æ–¥–∏—Ç –¥–ª—è –≥–æ—Ä–Ω—ã—Ö —Ä–∞–±–æ—Ç!"
"–¢–µ—Ö–Ω–∏–∫–∞ –Ω–µ –ø—Ä–æ—Å—Ç–∞–∏–≤–∞–µ—Ç ‚Äî –≤—Å–µ–≥–¥–∞ –≤ —Ä–∞–±–æ—Ç–µ. {machine}, {year}, {engine_desc}, {hours} –º/—á. {condition}. {extra}. {price}."
–¢–µ—Ö–Ω–∏–∫–∞ {brand} {model} {year} –≥.–≤. {state}. {probeg_value} {probeg}. {motochasi_value} {motochasi}. {engine_power} –ª.—Å. {engine_volume}. {privod}. {price_value} —Ä—É–±.
"–ü–æ—Å–ª–µ –∫–∞–ø–∏—Ç–∞–ª—å–Ω–æ–≥–æ —Ä–µ–º–æ–Ω—Ç–∞. {engine_desc}. {machine}, {hours} –º/—á. {condition}. {price}. –í–æ–∑–º–æ–∂–Ω–∞ –¥–æ—Å—Ç–∞–≤–∫–∞. –°—Ä–æ—á–Ω–æ!"
"–ü—Ä–æ–¥–∞—é {machine}, {year} –≥., {engine_desc}, {hours} –º/—á. {condition}. {extra}. –¶–µ–Ω–∞: {price}. –ü–æ–¥—Ö–æ–¥–∏—Ç –¥–ª—è —É—Å—Ç–∞–Ω–æ–≤–∫–∏!"
"–ü—Ä–æ–¥–∞—é {extra}, {machine}, {year}, {engine_desc}. –¶–µ–Ω–∞: {price}."
"–ü—Ä–æ–¥–∞—é {machine}, {year}, {engine_desc}, {hours} –º/—á. {condition}. {extra}. –¶–µ–Ω–∞: {price}."
"–ü—Ä–æ–¥–∞—é {machine}, {year} –≥., {engine_desc}, {hours} –º/—á. {condition}. {extra}. –¶–µ–Ω–∞: {price}. –í–æ–∑–º–æ–∂–µ–Ω –æ–±–º–µ–Ω."
–ù–µ –¥–ª—è –≥–∞—Ä–∞–∂–∞! {brand} {model} ({les_type}) {year} –≥.–≤. {motochasi_value} –º/—á. {engine_desc}. {state}. {price_value} —Ä—É–±.
"–†–∞–±–æ—Ç–∞–µ—Ç –±–µ–∑ –Ω–∞—Ä–µ–∫–∞–Ω–∏–π —Å –º–æ–º–µ–Ω—Ç–∞ –ø–æ–∫—É–ø–∫–∏. {brand} {model} ({les_type}), {year}, {motochasi_value} –º/—á. {engine_desc}. {state}. {price_value} —Ä—É–±."
"–ê–∫—Ç –ø—Ä–∏—ë–º–∫–∏-–ø–µ—Ä–µ–¥–∞—á–∏: {machine_type} {brand} {model} ({year}), VIN {vin}, –ø–µ—Ä–µ–¥–∞–Ω –æ—Ç {from_dept} –∫ {to_dept}. –ù–∞—Ä–∞–±–æ—Ç–∫–∞: {hours} –º/—á. –°–æ—Å—Ç–æ—è–Ω–∏–µ: {condition}."
"–ó–∞–ø—á–∞—Å—Ç–∏ –≤ –Ω–∞–ª–∏—á–∏–∏. {machine} —Å –¥–≤–∏–≥–∞—Ç–µ–ª–µ–º {engine_desc}. {year}, {hours} –º/—á. {condition}. {price}."
–ü—Ä–æ–¥–∞–µ—Ç—Å—è –ø—Ä–æ–≤–µ—Ä–µ–Ω–Ω–∞—è –≤—Ä–µ–º–µ–Ω–µ–º —Ç–µ—Ö–Ω–∏–∫–∞ ‚Äî {brand} {model} {les_type} {year} –≥–æ–¥–∞. –ú–æ—Ç–æ—á–∞—Å—ã: {motochasi_value}. {engine_desc}. {state}. {price_value} —Ä—É–±.
–¢–µ—Ö–Ω–∏–∫–∞ {brand} {model} {year} –≥.–≤. {state}. {probeg_value} {probeg}. {motochasi_value} {motochasi}. {engine_power} –ª.—Å. {engine_volume}. {pricep_type}. {loading_weight}. {price_value} —Ä—É–±.
"–ü—Ä–æ–¥–∞—é {engine_desc}, {machine}. –¶–µ–Ω–∞: {price}."
"–ü—Ä–æ–¥–∞—é {machine}, {year} –≥., {engine_desc}, {hours} –º/—á. {condition}. {extra}. –¶–µ–Ω–∞: {price}. –î–æ–∫—É–º–µ–Ω—Ç—ã –≤ –ø–æ—Ä—è–¥–∫–µ."
–ö–æ–º–±–∞–π–Ω –ª–µ—Å–Ω–æ–π {brand} {model} ({year}). {engine_desc}. {hours} –º/—á. {condition}. {extra}. {price}.
"–ü—Ä–æ–¥–∞—é {machine}, {year} –≥., {engine_desc}, {hours} –º/—á. {condition}. {extra}. –¶–µ–Ω–∞: {price}. –ü–æ–¥—Ö–æ–¥–∏—Ç –¥–ª—è –Ω–æ–≤–æ–≥–æ –ø—Ä–æ–µ–∫—Ç–∞!"
"–ü—Ä–æ–¥–∞—é {brand} {model} ‚Äî —Ä–∞–±–æ—Ç–∞–ª —Ç–æ–ª—å–∫–æ –≤ {les_area_type}. {year}, {motochasi_value} –º/—á. {engine_desc}. {state}. {price_value} —Ä—É–±."
"–ü—Ä–æ–¥–∞—é {machine}, {year} –≥., {engine_desc}, {hours} –º/—á. {condition}. {extra}. –¶–µ–Ω–∞: {price}. –ë–µ–∑ –ø–æ—Å—Ä–µ–¥–Ω–∏–∫–æ–≤!"
"–°—Ä–æ—á–Ω–æ –ø—Ä–æ–¥–∞—é! {brand} {model} ({les_type}), {year} –≥.–≤. {motochasi_value} –º/—á. –î–≤–∏–≥–∞—Ç–µ–ª—å {engine_power} –ª.—Å. ({engine_volume}). {state}. –¶–µ–Ω–∞ ‚Äî {price_value} —Ä—É–±. –¢–æ—Ä–≥ –ø—Ä–∏ –æ—Å–º–æ—Ç—Ä–µ!"
"–ü—Ä–æ–¥–∞—é {machine}, {year} –≥.–≤., {engine_desc}. –¶–µ–Ω–∞: {price}."
"–ü–æ—Å–ª–µ –∫–∞–ø—Ä–µ–º–æ–Ω—Ç–∞ –î–í–°. {machine} {year}, {engine_desc}, {hours} –º/—á. {condition}. {extra}. {price}."
"–†–µ–¥–∫–æ–µ –ø—Ä–µ–¥–ª–æ–∂–µ–Ω–∏–µ! {machine} –≤ —Ç–∞–∫–æ–º —Å–æ—Å—Ç–æ—è–Ω–∏–∏ –∑–∞ {price}. {year}, {hours} –º/—á. {condition}. {extra}."
"–ü—Ä–æ–¥–∞—é {machine}, {year} –≥., {engine_desc}, {hours} –º/—á. {condition}. {extra}. –¶–µ–Ω–∞: {price}. –ü–æ–¥—Ö–æ–¥–∏—Ç –¥–ª—è –¥–µ–º–æ–Ω—Å—Ç—Ä–∞—Ü–∏–∏!"
"–ü—Ä–æ–¥–∞—é {machine}, {year} –≥., {engine_desc}, {hours} –º/—á. {condition}. {extra}. –¶–µ–Ω–∞: {price}. –ü–æ–¥—Ö–æ–¥–∏—Ç –¥–ª—è –æ–±–Ω–æ–≤–ª–µ–Ω–∏—è!"
"–≠–∫—Å–∫–∞–≤–∞—Ç–æ—Ä {brand} {model} ‚Äî —Ä–∞–±–æ—Ç–∞–ª –≤ –±–æ–ª–æ—Ç–∏—Å—Ç–æ–π –º–µ—Å—Ç–Ω–æ—Å—Ç–∏. {year}, {engine_desc}, {hours} –º/—á. {condition}. {price}."
"–ü—Ä–æ–¥–∞–º {brand} {model} ({les_type}). –ò—Å–ø–æ–ª—å–∑—É–µ—Ç—Å—è –¥–ª—è {les_task_type}. {year} –≥–æ–¥–∞ –≤—ã–ø—É—Å–∫–∞. –ù–∞—Ä–∞–±–æ—Ç–∫–∞: {motochasi_value} –º–æ—Ç–æ—á–∞—Å–æ–≤. –î–≤–∏–≥–∞—Ç–µ–ª—å: {engine_power} –ª.—Å., {engine_volume}. –¶–µ–Ω–∞: {price_value} —Ä—É–±."
–ù–µ —É–ø—É—Å—Ç–∏! {machine} {year} –≥–æ–¥–∞. –í—Å–µ–≥–æ {hours} –º/—á. {engine_desc}. {condition}. {price}.
"–°–ø—Ä–∞–≤–æ—á–Ω–∏–∫ –º–æ–¥–µ–ª–µ–π: {brand} {model} ‚Äî —Ç–∏–ø —Ç–µ—Ö–Ω–∏–∫–∏: {machine_type}, –≥–æ–¥ –Ω–∞—á–∞–ª–∞ –≤—ã–ø—É—Å–∫–∞: {year_start}, –¥–≤–∏–≥–∞—Ç–µ–ª—å: {engine_desc}, –º–æ—â–Ω–æ—Å—Ç—å: {engine_power} –ª.—Å."
"–ì–æ—Ç–æ–≤ –ø–æ–∫–∞–∑–∞—Ç—å –≤ —Ä–∞–±–æ—Ç–µ! {machine}, {year}, {hours} –º/—á. {engine_desc}. {condition}. {extra}. {price}."
"–ü—Ä–æ–¥–∞—é {machine}, {year}. –î–≤–∏–∂–æ–∫ {engine_desc}. {hours} –º–æ—Ç–æ—á–∞—Å–æ–≤. {condition}. {price}."
"–ü—Ä–æ–¥–∞—é {machine}, {year}, {engine_desc}. {hours} –º/—á. {condition}. {extra}. {price}."
"–ü—Ä–æ–¥–∞—é –ø–æ –ø—Ä–∏—á–∏–Ω–µ –æ–±–Ω–æ–≤–ª–µ–Ω–∏—è –ø–∞—Ä–∫–∞. {machine}, {year}, {hours} –º/—á. {engine_desc}. {condition}. {extra}. {price}."
"–ì–∞—Ä–∞–Ω—Ç–∏—è –Ω–∞ –¥–≤–∏–≥–∞—Ç–µ–ª—å! {machine}, {year}, {hours} –º/—á. {engine_desc}. {condition}. {extra}. {price}."
–ü—Ä–æ–¥–∞–º {machine}. {year} –≥–æ–¥–∞ –≤—ã–ø—É—Å–∫–∞. –ù–∞—Ä–∞–±–æ—Ç–∫–∞: {hours} –º–æ—Ç–æ—á–∞—Å–æ–≤. {engine_desc}. {condition}. {extra}. –¶–µ–Ω–∞: {price}. –¢–æ—Ä–≥ —É–º–µ—Å—Ç–µ–Ω. –ó–≤–æ–Ω–∏—Ç–µ: +7 (XXX) XXX-XX-XX.
"{machine}, {year} –≥.–≤., ~{hours} –º/—á. {engine_desc}. {condition}. {extra}. –¶–µ–Ω–∞: {price}."
"–≠–∫—Å–∫–∞–≤–∞—Ç–æ—Ä-–ø–æ–≥—Ä—É–∑—á–∏–∫ {brand} {model}, {year}. –î–≤–∏–∂–æ–∫ {engine_desc}. {hours} –º/—á. {condition}. –ü–æ–¥—Ö–æ–¥–∏—Ç –¥–ª—è –ª–µ—Å–Ω—ã—Ö —Å–∫–ª–∞–¥–æ–≤. {price}."
"–¢–µ—Ö–Ω–∏–∫–∞ {machine} {year} –≥., –¥–≤–∏–≥–∞—Ç–µ–ª—å {engine_desc}. {hours} –º–æ—Ç–æ—á–∞—Å–æ–≤. {condition}. {extra}."
–¢–µ—Ö–Ω–∏–∫–∞ {brand} {model} {year} –≥.–≤. {state}. {probeg_value} {probeg}. {motochasi_value} {motochasi}. {engine_power} –ª.—Å. {engine_volume}. {vin}. {explluatacionnaya_massa}. {price_value} —Ä—É–±.
"–í—Å–µ —É–∑–ª—ã –≤ –Ω–æ—Ä–º–µ: —Ö–æ–¥–æ–≤–∞—è, –≥–∏–¥—Ä–∞–≤–ª–∏–∫–∞, –ö–ü–ü. {machine}, {year}, {engine_desc}, {hours} –º/—á. {condition}. {extra}. {price}."
"–°–∞–º–æ—Å–≤–∞–ª {brand} {model} ‚Äî –∏—Å–ø–æ–ª—å–∑–æ–≤–∞–ª—Å—è –≤ –ª–µ—Å—É. {year}, {probeg_value} –∫–º, {motochasi_value} –º/—á. {engine_power} –ª.—Å. {price_value} —Ä—É–±."
"–•–∞—Ä–≤–µ—Å—Ç–µ—Ä {brand} {model}, {year}. {engine_power} –ª.—Å. {engine_volume}. {motochasi_value} –º/—á. {state}. {price_value} —Ä—É–±."
"–¢–æ–ª—å–∫–æ —á—Ç–æ –ø—Ä–æ—à—ë–ª –¥–∏–∞–≥–Ω–æ—Å—Ç–∏–∫—É! {machine}, {year}, {hours} –º/—á. {engine_desc}. {condition}. {extra}. {price}."
"–ü—Ä–æ–¥–∞–º —Ç–µ—Ö–Ω–∏–∫—É ‚Äî –≤—Å—ë —Ä–æ–¥–Ω–æ–µ, –Ω–∏—á–µ–≥–æ –Ω–µ –ø–µ—Ä–µ–±–∏—Ä–∞–ª–æ—Å—å. {brand} {model}, {year}, {motochasi_value} –º/—á. {engine_desc}. {state}. {price_value} —Ä—É–±."
–ó–∞–ø–∏—Å—å –≤ —Ä–µ–º–æ–Ω—Ç–Ω–æ–π –∫–Ω–∏–∂–∫–µ: {repair_date} ‚Äî –∑–∞–º–µ–Ω–∞ –¢–ù–í–î –Ω–∞ {machine_type} {brand} {model} ({year}). –î–≤–∏–≥–∞—Ç–µ–ª—å: {engine_desc}. –ü—Ä–æ–±–µ–≥: {probeg_value} –∫–º.
"–ü—Ä–æ–¥–∞–º {brand} {model} ({les_type}). {year} –≥–æ–¥–∞ –≤—ã–ø—É—Å–∫–∞. –î–≤–∏–≥–∞—Ç–µ–ª—å: {engine_power} –ª.—Å., {engine_volume}, {motochasi_value} –º/—á. –¶–µ–Ω–∞: {price_value} —Ä—É–±."
–ü—Ä–æ–¥–∞—é {machine} {year} –≥–æ–¥–∞. –¶–µ–Ω–∞: {price}.
"–ú–æ–∂–Ω–æ –æ—Ñ–æ—Ä–º–∏—Ç—å –≤ –ª–∏–∑–∏–Ω–≥. {machine}, {year}, {engine_desc}, {hours} –º/—á. {condition}. {extra}. {price}."
"–°–ø–µ—Ü–ø—Ä–µ–¥–ª–æ–∂–µ–Ω–∏–µ! {engine_desc} –Ω–∞ {machine}. {year}, {hours} –º/—á. {condition}. {price}."
"–ü—Ä–æ–¥–∞—é {machine}, {year} –≥., {engine_desc}, {hours} –º/—á. {condition}. {extra}. –¶–µ–Ω–∞: {price}. –ü–æ–¥—Ö–æ–¥–∏—Ç –¥–ª—è –ø–æ–∫–∞–∑–∞!"
–ó–∞–ø–∏—Å—å –≤ —Å–∏—Å—Ç–µ–º–µ —É—á—ë—Ç–∞: —Ç–µ—Ö–Ω–∏–∫–∞ {machine_type} (ID: {asset_id}) –ø—Ä–æ—Å—Ç–∞–∏–≤–∞–ª–∞ {downtime_days} –¥–Ω–µ–π –≤ {month} {year} –ø–æ –ø—Ä–∏—á–∏–Ω–µ: {downtime_reason}.
"–ë–µ–∑ –¥–æ–ª–≥–æ–≤ –∏ –∑–∞–ª–æ–≥–æ–≤. {machine} {year} –≥.–≤., {hours} –º/—á. {engine_desc}. {condition}. {extra}. {price}."
"–ü—Ä–æ–¥–∞—é {machine}, {year} –≥., {engine_desc}, {hours} –º/—á. {condition}. {extra}. –¶–µ–Ω–∞: {price}. –ü–æ–¥—Ö–æ–¥–∏—Ç –¥–ª—è –∫–∞—Ä—å–µ—Ä–Ω—ã—Ö —Ä–∞–±–æ—Ç!"
"–¢–µ—Ö–Ω–∏–∫–∞ –±–µ–∑ —Å—é—Ä–ø—Ä–∏–∑–æ–≤ –ø–æ–¥ –∫–∞–ø–æ—Ç–æ–º. {brand} {model} ({les_type}), {year}, {motochasi_value} –º/—á. {engine_desc}. {state}. {price_value} —Ä—É–±."
–ö–∞—Ä—Ç–æ—á–∫–∞ —É—á—ë—Ç–∞ –ì–°–ú: {machine_type} {brand} {model} ({year}) ‚Äî –Ω–æ—Ä–º–∞ —Ä–∞—Å—Ö–æ–¥–∞: {fuel_norm} –ª/–º/—á. –§–∞–∫—Ç: {fuel_actual} –ª/–º/—á.
"–ü—Ä–æ–¥–∞—é {machine}, {year} –≥., {engine_desc}, {hours} –º/—á. {condition}. {extra}. –¶–µ–Ω–∞: {price}. –ü–æ–¥—Ö–æ–¥–∏—Ç –¥–ª—è –∫–æ–º–º—É–Ω–∞–ª—å–Ω—ã—Ö —Ä–∞–±–æ—Ç!"
"–ü—Ä–æ–¥–∞—é {machine}, {year} –≥., {engine_desc}, {hours} –º/—á. {condition}. {extra}. –¶–µ–Ω–∞: {price}. –ü–æ–¥—Ö–æ–¥–∏—Ç –¥–ª—è –≤—ã—Å—Ç–∞–≤–∫–∏!"
"–ü—Ä–æ–¥–∞—é {hours} –º/—á, {engine_desc}, {machine}, {year}. –¶–µ–Ω–∞: {price}."
–ü—Ä–æ–¥–∞—é {machine}. {year} –≥–æ–¥–∞. {engine_desc}. {hours} –º/—á. {condition}. {extra}. {price}.
–ü—Ä–æ–¥–∞–º {brand} {model} {year} –≥.–≤. {state}. {probeg_value} {probeg}. {motochasi_value} {motochasi}. {engine_power} –ª.—Å. {engine_volume}. {podveska_kabini}. {tip_kabini}. {price_value} —Ä—É–±.
"–ü—Ä–æ–¥–∞–µ—Ç—Å—è {machine} –≤ –æ—Ç–ª–∏—á–Ω–æ–º —Å–æ—Å—Ç–æ—è–Ω–∏–∏. {engine_desc}. –ì–æ–¥: {year}, –º/—á: {hours}. {extra}. {price}."
"–ü—Ä–æ–¥–∞—é {brand} {model} ({les_type}). {year} –≥–æ–¥–∞ –≤—ã–ø—É—Å–∫–∞. –ù–∞—Ä–∞–±–æ—Ç–∫–∞: {motochasi_value} –º–æ—Ç–æ—á–∞—Å–æ–≤. –î–≤–∏–≥–∞—Ç–µ–ª—å: {engine_power} –ª.—Å., {engine_volume}. –°–æ—Å—Ç–æ—è–Ω–∏–µ: {state}. –¶–µ–Ω–∞: {price_value} —Ä—É–±."
"–ü—Ä–æ–¥–∞—é {machine}, {year} –≥., {engine_desc}, {hours} –º/—á. {condition}. {extra}. {price}."
–ù–µ –¥–ª—è –ø–µ—Ä–µ–ø—Ä–æ–¥–∞–∂–∏! –ü—Ä–æ–¥–∞–º {machine} {year} –≥. {engine_desc}. {hours} –º/—á. {condition}. {extra}. –°–æ–±—Å—Ç–≤–µ–Ω–Ω–∏–∫. {price}.
"–§–æ—Ä–≤–∞—Ä–¥–µ—Ä –≤ –æ—Ç–ª–∏—á–Ω–æ–º —Å–æ—Å—Ç–æ—è–Ω–∏–∏! {brand} {model}, {year}, {hours} –º/—á. {engine_desc}. –ü–æ–¥—Ö–æ–¥–∏—Ç –¥–ª—è —Ä–∞–±–æ—Ç—ã –≤ —Ç–∞–π–≥–µ. {price}."
"–ü—Ä–æ–¥–∞—é {brand} {model} ({les_type}). –ò—Å–ø–æ–ª—å–∑—É–µ—Ç—Å—è –¥–ª—è {les_activity_type}. {year} –≥–æ–¥–∞ –≤—ã–ø—É—Å–∫–∞. –ù–∞—Ä–∞–±–æ—Ç–∫–∞: {motochasi_value} –º–æ—Ç–æ—á–∞—Å–æ–≤. –î–≤–∏–≥–∞—Ç–µ–ª—å: {engine_power} –ª.—Å., {engine_volume}. –¶–µ–Ω–∞: {price_value} —Ä—É–±."
"{machine} –≤ –Ω–∞–ª–∏—á–∏–∏. {year}, {hours} –º/—á. {engine_desc}. {condition}. {extra}. –ó–≤–æ–Ω–∏—Ç–µ –ø—Ä—è–º–æ —Å–µ–π—á–∞—Å!"
"–ü—Ä–æ–¥–∞—é {machine}, {year} –≥., {engine_desc}, {hours} –º/—á. {condition}. {extra}. –¶–µ–Ω–∞: {price}. –ù–µ —Ç—Ä–µ–±—É–µ—Ç —Ä–µ–º–æ–Ω—Ç–∞!"
"–ü—Ä–æ–¥–∞–º {brand} {model} ‚Äî –±–µ–∑ –ø—Ä–∏–∫—Ä–∞—Å: {year}, {motochasi_value} –º/—á, {engine_desc}. {state}. –¶–µ–Ω–∞: {price_value} —Ä—É–±."
"–ü–æ–∫—É–ø–∞–ª –∑–∞ —Å–≤–æ–∏, –µ–∑–∂—É —Å–∞–º ‚Äî –Ω–µ —Ñ–∏—Ä–º–∞. {brand} {model} ({les_type}), {year}, {motochasi_value} –º/—á. {engine_desc}. {state}. {price_value} —Ä—É–±."
"–î–≤–∏–≥–∞—Ç–µ–ª—å: {engine_desc}. –ú–∞—à–∏–Ω–∞: {machine}. –ì–æ–¥: {year}, –Ω–∞—Ä–∞–±–æ—Ç–∫–∞: {hours}. {condition}."
"–†–µ–≥–∏—Å—Ç—Ä–∞—Ü–∏–æ–Ω–Ω–∞—è –∑–∞–ø–∏—Å—å –≤ –ì–æ—Å—Ç–µ—Ö–Ω–∞–¥–∑–æ—Ä–µ: {machine_type} {brand} {model}, VIN {vin}, {year}, –≤–ª–∞–¥–µ–ª–µ—Ü: {owner_name}, –¥–∞—Ç–∞ –ø–æ—Å—Ç–∞–Ω–æ–≤–∫–∏: {registration_date}."
"–í—Å—ë —Ä–∞–±–æ—Ç–∞–µ—Ç –∫–∞–∫ —á–∞—Å—ã! {brand} {model}, {year}, {motochasi_value} –º/—á. {engine_desc}. {state}. {price_value} —Ä—É–±."
–ü—Ä–æ–¥–∞–º {brand} {model} {year} –≥.–≤. {state}. {probeg_value} {probeg}. {motochasi_value} {motochasi}. {engine_power} –ª.—Å. {engine_volume}. {vin}. {visota_vigruzki}. {price_value} —Ä—É–±.
"–ü—Ä–æ–¥–∞—é {machine}, {year} –≥., {engine_desc}, {hours} –º/—á. {condition}. {extra}. –¶–µ–Ω–∞: {price}. –ù–µ –¥–ª—è –ø–µ—Ä–µ–ø—Ä–æ–¥–∞–∂–∏."
"–¢–µ—Ö–Ω–∏—á–µ—Å–∫–æ–µ –æ–ø–∏—Å–∞–Ω–∏–µ: {machine_type} {brand} {model} –ø—Ä–µ–¥–Ω–∞–∑–Ω–∞—á–µ–Ω –¥–ª—è {les_task_type}. –û—Å–Ω–∞—â—ë–Ω –¥–≤–∏–≥–∞—Ç–µ–ª–µ–º {engine_desc}, –º–æ—â–Ω–æ—Å—Ç—å—é {engine_power} –ª.—Å."
–ü—Ä–æ–¥–∞–º {machine} {year} –≥.–≤. –î–≤–∏–≥–∞—Ç–µ–ª—å: {engine_desc}. {hours} –º/—á. {condition}. {extra}. –¶–µ–Ω–∞: {price}. –¢–æ—Ä–≥ —É–º–µ—Å—Ç–µ–Ω. –ó–≤–æ–Ω–∏—Ç–µ: +7 (XXX) XXX-XX-XX.
–ù–æ–≤–∏–Ω–∫–∞! {machine} {year} –≥–æ–¥–∞ —Å {engine_desc}. –í—Å–µ–≥–æ {hours} –º/—á. {condition}. {extra}. {price}.
–§—Ä–µ–∑–µ—Ä –¥–ª—è –ª–µ—Å–Ω—ã—Ö –¥–æ—Ä–æ–≥: {machine} {year}. {engine_desc}. {motochasi_value} –º/—á. {condition}. {price}.
–£—á—ë—Ç –ì–°–ú: –∑–∞ —Å–º–µ–Ω—É {machine_type} {brand} {model} ({year}) –∏–∑—Ä–∞—Å—Ö–æ–¥–æ–≤–∞–ª {fuel_consumption} –ª —Ç–æ–ø–ª–∏–≤–∞ –ø—Ä–∏ –Ω–∞—Ä–∞–±–æ—Ç–∫–µ {hours} –º/—á.
"–ü—Ä–æ–¥–∞—é {machine}, {year} –≥., {engine_desc}, {hours} –º/—á. {condition}. {extra}. –¶–µ–Ω–∞: {price}. –ü–æ–¥—Ö–æ–¥–∏—Ç –¥–ª—è —Ç—Ä–µ–Ω–∏—Ä–æ–≤–∫–∏!"
"–î–æ–∫—É–º–µ–Ω—Ç—ã –≤ –ø–æ—Ä—è–¥–∫–µ, –ü–¢–° –æ—Ä–∏–≥–∏–Ω–∞–ª. {brand} {model} ({les_type}), {year}, {motochasi_value} –º/—á. {engine_desc}. {state}. {price_value} —Ä—É–±."
–õ–µ—Å–æ–≤–æ–∑ {brand} {model} ({les_type}) —Å –ø—Ä–æ–±–µ–≥–æ–º {probeg_value} –∫–º –∏ {motochasi_value} –º/—á. {year}. {engine_power} –ª.—Å. {price_value} —Ä—É–±.
–ü—Ä–æ–¥–∞–º {machine} {year} –≥–æ–¥–∞. –¶–µ–Ω–∞: {price}.
–¢–µ—Ö–Ω–∏–∫–∞ {brand} {model} {year} –≥.–≤. {state}. {probeg_value} {probeg}. {motochasi_value} {motochasi}. {engine_power} –ª.—Å. {engine_volume}. {vin}. {obyom_kovsha}. {price_value} —Ä—É–±.
"–¢–µ—Ö–Ω–∏–∫–∞ –≤ –æ—Ç–ª–∏—á–Ω–æ–º —Å–æ—Å—Ç–æ—è–Ω–∏–∏, –±–µ–∑ –∫–æ—Å—è–∫–æ–≤! {machine}, {year}, {hours} –º/—á. {engine_desc}. {condition}. {extra}. –¶–µ–Ω–∞: {price}."
"–¢–µ—Ö–Ω–∏–∫–∞ –¥–ª—è —Ç–µ—Ö, –∫—Ç–æ –∑–Ω–∞–µ—Ç —Ç–æ–ª–∫. {machine}, {year}, {hours} –º/—á. {engine_desc}. {condition}. {extra}. {price}."
–ù–µ —É–ø—É—Å—Ç–∏! {machine} {year} –≥. —Å –¥–≤–∏–≥–∞—Ç–µ–ª–µ–º {engine_desc}. –í—Å–µ–≥–æ {hours} –º/—á. {condition}. {extra}. –†–µ–∞–ª—å–Ω–æ–º—É –ø–æ–∫—É–ø–∞—Ç–µ–ª—é ‚Äî {price}.
–°–µ—Ä–≤–∏—Å–Ω–∞—è –∑–∞–ø–∏—Å—å ‚Ññ{service_ticket}: {machine_type} {brand} {model} ({year}) –ø—Ä–æ—à—ë–ª –¢–û. –î–≤–∏–≥–∞—Ç–µ–ª—å: {engine_desc}. –ú–æ—Ç–æ—á–∞—Å—ã –Ω–∞ –º–æ–º–µ–Ω—Ç –¢–û: {motochasi_value}.
"–ü—Ä–æ–¥–∞—é {machine}, {year} –≥., {engine_desc}, {hours} –º/—á. {condition}. {extra}. –¶–µ–Ω–∞: {price}. –ü–æ–¥—Ö–æ–¥–∏—Ç –¥–ª—è –ø—É—Å–∫–∞!"
"–ü—Ä–æ–¥–∞—é {machine}, {year} –≥., {engine_desc}, {hours} –º/—á. {condition}. {extra}. –¶–µ–Ω–∞: {price}. –ü–æ–¥—Ö–æ–¥–∏—Ç –¥–ª—è —Å—Ç—Ä–æ–π–∫–∏!"
"–ü—Ä–æ–¥–∞—é {machine}, {year} –≥., {engine_desc}, {hours} –º/—á. {condition}. {extra}. –¶–µ–Ω–∞: {price}. –°–æ–±—Å—Ç–≤–µ–Ω–Ω–∏–∫."
"–ü—Ä–æ–¥–∞—é {machine}, {year} –≥., {engine_desc}, {hours} –º/—á. {condition}. {extra}. –¶–µ–Ω–∞: {price}. –ü–æ–¥—Ö–æ–¥–∏—Ç –¥–ª—è –∫–∞—Ä—å–µ—Ä–∞!"
"–ü—Ä–æ–¥–∞—é {machine}, {year} –≥.–≤., {engine_desc}, {hours} –º/—á. {condition}. –¶–µ–Ω–∞: {price}."
"–í—Å—ë –∫–∞–∫ –Ω–∞ —Ñ–æ—Ç–æ (–µ—Å–ª–∏ –±—ã —Ñ–æ—Ç–æ –±—ã–ª–æ üòÖ). {brand} {model}, {year}, {motochasi_value} –º/—á. {engine_desc}. {state}. {price_value} —Ä—É–±."
"–ü—Ä–æ–¥–∞—é {machine}, {year} –≥., {engine_desc}, {hours} –º/—á. {condition}. {extra}. –¶–µ–Ω–∞: {price}. –¢–æ–ª—å–∫–æ —Å–µ—Ä—å—ë–∑–Ω—ã–º –ø–æ–∫—É–ø–∞—Ç–µ–ª—è–º."
"–ü—Ä–æ–¥–∞–º {brand} {model} ({les_type}). {year} –≥–æ–¥–∞ –≤—ã–ø—É—Å–∫–∞. –ü—Ä–æ–±–µ–≥: {probeg_value} {probeg}. –î–≤–∏–≥–∞—Ç–µ–ª—å: {engine_power} –ª.—Å., {engine_volume}. –°–æ—Å—Ç–æ—è–Ω–∏–µ: {state}. –¶–µ–Ω–∞: {price_value} —Ä—É–±."
"–°–µ—Ä—Ç–∏—Ñ–∏–∫–∞—Ç —Å–æ–æ—Ç–≤–µ—Ç—Å—Ç–≤–∏—è ‚Ññ{cert_number}: {machine_type} {brand} {model}, {year} –≥.–≤., –¥–≤–∏–≥–∞—Ç–µ–ª—å {engine_power} –ª.—Å., {engine_volume}."
"–ü—Ä–æ–¥–∞—é {machine}, {year} –≥., {engine_desc}, {hours} –º/—á. {condition}. {extra}. –¶–µ–Ω–∞: {price}. –ü–æ–¥—Ö–æ–¥–∏—Ç –¥–ª—è –Ω–æ–≤–æ–π —ç—Ä—ã!"
"–ë–µ–∑ –ø–æ—Å—Ä–µ–¥–Ω–∏–∫–æ–≤! –ü—Ä—è–º –æ—Ç –≤–ª–∞–¥–µ–ª—å—Ü–∞: {machine}, {year}, {hours} –º/—á. {engine_desc}. {condition}. {extra}. {price}."
"–ü–æ–¥ –∫–ª—é—á! {machine} {year} –≥., {engine_desc}, {hours} –º/—á. {condition}. {extra}. –í—Å—ë —Ä–∞–±–æ—Ç–∞–µ—Ç ‚Äî –ø—Ä–æ–≤–µ—Ä–µ–Ω–æ –ª–∏—á–Ω–æ. {price}."
–°—Ä–æ—á–Ω–æ –ø—Ä–æ–¥–∞—é –∞–≤—Ç–æ–∫—Ä–∞–Ω {machine} {year} –≥–æ–æ–¥–∞. {engine_desc}. {hours} –º/—á–∞—Å–æ–≤. {condition}. {price}.
"–°—Ä–∞–≤–Ω–∏—Ç–µ: {engine_desc} vs –∞–Ω–∞–ª–æ–≥–∏ ‚Äî —Ç–æ–ª—å–∫–æ —É –Ω–∞—Å. {machine}, {year}, {hours} –º/—á. {condition}."
"–ü–æ–∫—É–ø–∞–ª –¥–ª—è —Å–µ–±—è, –Ω–æ –Ω–µ –ø—Ä–∏–≥–æ–¥–∏–ª—Å—è. {machine}, {year}, {hours} –º/—á. {engine_desc}. {condition}. {extra}. {price}."
"–ü—Ä–æ–¥–∞—é {machine}, {year} –≥., {engine_desc}, {hours} –º/—á. {condition}. {extra}. –¶–µ–Ω–∞: {price}. –ü–æ–¥—Ö–æ–¥–∏—Ç –¥–ª—è –Ω–æ–≤–æ–≥–æ –±–∏–∑–Ω–µ—Å–∞!"
–ü—Ä–æ–¥–∞—é {brand} {model} {year} –≥.–≤. {state}. {probeg_value} {probeg}. {motochasi_value} {motochasi}. {engine_power} –ª.—Å. {engine_volume}. {vin}. {explluatacionnaya_massa}. {price_value} —Ä—É–±.
"–ü—Ä–æ–¥–∞—é {machine}, {year} –≥., {engine_desc}, {hours} –º/—á. {condition}. {extra}. –¶–µ–Ω–∞: {price}. –ü–æ–¥—Ö–æ–¥–∏—Ç –¥–ª—è —Ç—Ä–∞–Ω—Å–ø–æ—Ä—Ç–∞!"
–ü—Ä–æ–¥–∞–µ—Ç—Å—è {machine}. –ì–æ–¥: {year}. –î–≤–∏–≥–∞—Ç–µ–ª—å: {engine_desc}. –ú–æ—Ç–æ—á–∞—Å–æ–≤: {hours}. {condition}. –¢–æ—Ä–≥. {price}.
"–ü—Ä–æ–¥–∞—é {machine}, {year} –≥., {engine_desc}, {hours} –º/—á. {condition}. {extra}. –¶–µ–Ω–∞: {price}. –ü–æ–¥—Ö–æ–¥–∏—Ç –¥–ª—è –æ–±–Ω–æ–≤–ª–µ–Ω–∏—è –ø–∞—Ä–∫–∞!"
"–¶–µ–Ω–∞ —Å–Ω–∏–∂–µ–Ω–∞! {machine}, {year}, {hours} –º/—á. {engine_desc}. {condition}. {extra}. –ë—ã—Å—Ç—Ä–æ! {price}."
"–¢–æ–ª—å–∫–æ –¥–æ –∫–æ–Ω—Ü–∞ –º–µ—Å—è—Ü–∞! {engine_desc} –Ω–∞ {machine}, {year}, {hours} –º/—á. {condition}. {extra}. {price}."
"–¢–µ—Ö–Ω–∏–∫–∞ {brand} {model} ({les_type}) –≤ –æ—Ç–ª–∏—á–Ω–æ–º —Å–æ—Å—Ç–æ—è–Ω–∏–∏. {year} –≥–æ–¥, –Ω–∞—Ä–∞–±–æ—Ç–∫–∞: {motochasi_value} –º–æ—Ç–æ—á–∞—Å–æ–≤. –î–≤–∏–≥–∞—Ç–µ–ª—å: {engine_power} –ª.—Å., {engine_volume}. –¶–µ–Ω–∞: {price_value} —Ä—É–±."
–ü—Ä–æ–¥–∞—é {brand} {model} {year} –≥.–≤. {state}. {probeg_value} {probeg}. {motochasi_value} {motochasi}. {engine_power} –ª.—Å. {engine_volume}. {vin}. {visota_vigruzki}. {price_value} —Ä—É–±.
"–ü—Ä–æ–¥–∞—é {machine}, {year} –≥.–≤., –¥–≤–∏–∂–æ–∫ {engine_desc}, ~{hours} –º/—á. –¶–µ–Ω–∞: {price}."
–¢–µ—Ö–Ω–∏–∫–∞ {brand} {model} {year} –≥.–≤. {state}. {probeg_value} {probeg}. {motochasi_value} {motochasi}. {engine_power} –ª.—Å. {engine_volume}. {zadnyaya_podveska}. {price_value} —Ä—É–±.
"–ü–æ–≥—Ä—É–∑—á–∏–∫ –≤–∏–ª–æ—á–Ω—ã–π {brand} {model}, {year}. {engine_desc}. {motochasi_value} –º–æ—Ç–æ—á–∞—Å–æ–≤. {state}. {price_value} —Ä—É–±."
–õ–µ—Å–æ–≤–æ–∑ {brand} {model} ({les_type}) {year} –≥–æ–æ–¥–∞. –ù–∞—Ä–∞–±–æ—Ç–∫–∞: {hours} –º/—á–∞—Å–æ–≤. –î–≤–∏–∂–æ–∫: {engine_desc}. –°–æ—Å—Ç–æ—è–Ω–∏–µ ‚Äî {condition}. –¶–µ–Ω–∞: {price}.
"–î–≤–∏–≥–∞—Ç–µ–ª—å: {engine_desc}. –ú–∞—à–∏–Ω–∞: {machine}, {year}, {hours} –º/—á. {condition}. {extra}. –¶–µ–Ω–∞: {price}."
"–ü—Ä–æ–¥–∞–º {machine} —Å –¥–≤–∏–≥–∞—Ç–µ–ª–µ–º {engine_desc}. –ì–æ–¥ –≤—ã–ø—É—Å–∫–∞ {year}, –º–æ—Ç–æ—á–∞—Å–æ–≤: {hours}. {condition}. {extra}. {price}."
"–ü—Ä–æ–¥–∞—é {engine_desc}, {machine}, {year}, {hours} –º/—á. –¶–µ–Ω–∞: {price}."
"–ü—Ä–æ–¥–∞—é {year} –≥.–≤., {machine}, {engine_desc}, {hours} –º/—á. –¶–µ–Ω–∞: {price}."
"–ü—Ä–æ–¥–∞—é {machine}, {year} –≥., {engine_desc}, {hours} –º/—á. {condition}. {extra}. –¶–µ–Ω–∞: {price}. –ü–æ–¥—Ö–æ–¥–∏—Ç –¥–ª—è —Ñ–µ—Ä–º—ã!"
"–ù–µ –±–∏—Ç–∞—è, –Ω–µ –∫—Ä–∞—à–µ–Ω–∞—è. {machine}, {year}. {engine_desc}. {condition}. {extra}. {price}."
"–ü—Ä–æ–¥–∞—é {machine} {year} –≥–æ–¥–∞, {engine_desc}. –¶–µ–Ω–∞: {price}."
"–ü—Ä–æ–¥–∞—é {machine}, {year} –≥., {engine_desc}, {hours} –º/—á. {condition}. {extra}. –¶–µ–Ω–∞: {price}. –ü–æ–¥—Ö–æ–¥–∏—Ç –¥–ª—è –Ω–æ–≤–æ–π —ç–ø–æ—Ö–∏ –≤ –∂–∏–∑–Ω–∏!"
"–ü—Ä–æ–¥–∞—é {machine}, {year} –≥., {engine_desc}, {hours} –º/—á. {condition}. {extra}. –¶–µ–Ω–∞: {price}."
"–î–≤–∏–≥–∞—Ç–µ–ª—å {engine_desc} ‚Äî –Ω–∞–¥–µ–∂–Ω—ã–π, –ø—Ä–æ–≤–µ—Ä–µ–Ω–Ω—ã–π –≤—Ä–µ–º–µ–Ω–µ–º. –ú–∞—à–∏–Ω–∞: {machine}, –≥–æ–¥: {year}. {condition}."
–¢–µ—Ö–Ω–∏–∫–∞ {brand} {model} {year} –≥.–≤. {state}. {probeg_value} {probeg}. {motochasi_value} {motochasi}. {engine_power} –ª.—Å. {engine_volume}. {podveska_kabini}. {tip_kabini}. {price_value} —Ä—É–±.
"–ü—Ä–æ–¥–∞—é {machine}, {year} –≥., {engine_desc}, {hours} –º/—á. {condition}. {extra}. –¶–µ–Ω–∞: {price}. –ü–æ–¥—Ö–æ–¥–∏—Ç –¥–ª—è –Ω–æ–≤–æ–≥–æ –¥–µ–ª–∞!"
"–ü—Ä–æ–¥–∞—é {brand} {model} ({les_type}). –ì–æ–¥ –≤—ã–ø—É—Å–∫–∞: {year}. –ù–∞—Ä–∞–±–æ—Ç–∫–∞: {motochasi_value} –º–æ—Ç–æ—á–∞—Å–æ–≤. –î–≤–∏–≥–∞—Ç–µ–ª—å: {engine_power} –ª.—Å., {engine_volume}. {state}. –¶–µ–Ω–∞: {price_value} —Ä—É–±."
"–•–∞—Ä–≤–µ—Å—Ç–µ—Ä {brand} {model} ({year}) ‚Äî {motochasi_value} –º–æ—Ç–æ—á–∞—Å–æ–≤. {engine_power} –ª.—Å., {engine_volume}. {state}. {price_value} —Ä—É–±."
"–ü—Ä–æ–¥–∞—é {machine}, {year} –≥.–≤., –¥–≤–∏–∂–æ–∫ {engine_desc}. –¶–µ–Ω–∞: {price}."
"–ü—Ä–æ–¥–∞—é —Ç—Ä–∞–∫—Ç–æ—Ä {brand} {model} –¥–ª—è –ª–µ—Å–Ω—ã—Ö —Ä–∞–±–æ—Ç. {year}, {engine_power} –ª.—Å., {motochasi_value} –º/—á. {state}. {price_value} —Ä—É–±."
"–ü—Ä–æ–¥–∞—é {machine}, {year} –≥., –¥–≤–∏–∂–æ–∫ {engine_desc}. –¶–µ–Ω–∞: {price}."
–ü—Ä–æ–¥–∞–º {machine} {year} –≥–æ–¥–∞. {engine_desc}. {hours} –º/—á. {condition}. –¶–µ–Ω–∞: {price}.
"–¢–µ—Ö–æ—Å–º–æ—Ç—Ä ‚Ññ{inspection_id}: {machine_type} {brand} {model} ({year}) ‚Äî —Ç–æ—Ä–º–æ–∑–∞: {tip_tormozov}, –ö–ü–ü: {korobka_peredach}, –∫–∞–±–∏–Ω–∞: {tip_kabini}."
"–ü—Ä–æ–¥–∞–µ—Ç—Å—è {brand} {model} ({les_type}) {year} –≥–æ–¥–∞. –ü—Ä–æ–±–µ–≥: {probeg_value} {probeg}. –î–≤–∏–≥–∞—Ç–µ–ª—å: {engine_power} –ª.—Å., {engine_volume}. –°–æ—Å—Ç–æ—è–Ω–∏–µ: {state}. –¶–µ–Ω–∞: {price_value} —Ä—É–±."
"–¢—Ä—É–±–æ—É–∫–ª–∞–¥—á–∏–∫ {machine}, {year} –≥.–≤. –ü–æ—Å–ª–µ –¢–û. {engine_desc}, {hours} –º/—á. {condition}. {price}."
"–ü—Ä–æ–¥–∞—é {machine}, {year} –≥., {engine_desc}, {hours} –º/—á. {condition}. {extra}. –¶–µ–Ω–∞: {price}. –ü–æ–¥—Ö–æ–¥–∏—Ç –¥–ª—è –∑–∞–ø—É—Å–∫–∞!"
"–ü—Ä–æ–¥–∞—é {machine}, {year} –≥., {engine_desc}. –¶–µ–Ω–∞: {price}."
"–°–æ–±—Å—Ç–≤–µ–Ω–Ω–∏–∫. {machine} {year} –≥. {engine_desc}. {extra}. –ì–∏–¥—Ä–∞–≤–ª–∏–∫–∞, —Å—Ç—Ä–µ–ª–∞, –∫–∞–±–∏–Ω–∞ ‚Äî –≤—Å—ë –≤ —Ä–∞–±–æ—á–µ–º —Å–æ—Å—Ç–æ—è–Ω–∏–∏. {price}."
"–ò–¥–µ–∞–ª –¥–ª—è —Ç–∞–π–≥–∏: {brand} {model}, {year}, {motochasi_value} –º/—á. {engine_power} –ª—Å, {engine_volume}. {state}. {price_value} —Ä—É–±."
"–ü—Ä–æ–¥–∞—é {machine}, {year} –≥., {engine_desc}, {hours} –º/—á. {condition}. {extra}. –¶–µ–Ω–∞: {price}. –ü—Ä–æ–≤–µ—Ä–µ–Ω–æ ‚Äî –≤—Å—ë —Ä–∞–±–æ—Ç–∞–µ—Ç!"
"–ü—Ä–æ–¥–∞—é {brand} {model} ({les_type}). {year} –≥–æ–¥–∞ –≤—ã–ø—É—Å–∫–∞, {motochasi_value} –º–æ—Ç–æ—á–∞—Å–æ–≤. –î–≤–∏–≥–∞—Ç–µ–ª—å {engine_power} –ª.—Å., {engine_volume}. –¶–µ–Ω–∞: {price_value} —Ä—É–±."
"–ù–µ —Ä–∂–∞–≤—ã–π –≥–∞—Ä–∞–∂–Ω—ã–π —ç–∫–∑–µ–º–ø–ª—è—Ä, –∞ –±–æ–µ–≤–∞—è –µ–¥–∏–Ω–∏—Ü–∞! {brand} {model}, {year}, {motochasi_value} –º/—á. {engine_desc}. {state}. {price_value} —Ä—É–±."
"–ü—Ä–æ–¥–∞—é {machine}, {year} –≥., {engine_desc}, {hours} –º/—á. {condition}. {extra}. –¶–µ–Ω–∞: {price}. –ü–æ–¥—Ö–æ–¥–∏—Ç –¥–ª—è –Ω–æ–≤–æ–π —Ä–∞–±–æ—Ç—ã!"
–ü—Ä–æ–¥–∞—é {machine}. {year} –≥.–≤. {engine_desc}. {hours} –º/—á. {condition}. {extra}. {price}.
"–ü–æ—Å–µ—Ç–∏—Ç–µ –Ω–∞—Å –Ω–∞ –≤—ã—Å—Ç–∞–≤–∫–µ! {machine} —Å {engine_desc}. {year}, {hours} –º/—á. {condition}. {extra}. {price}."
–ü—Ä–æ–¥–∞—é {brand} {model} {year} –≥.–≤. {state}. {probeg_value} {probeg}. {motochasi_value} {motochasi}. {engine_power} –ª.—Å. {engine_volume}. {vin}. {visota_podiema}. {price_value} —Ä—É–±.
"–ü—Ä–æ–¥–∞—é {machine}, {year} –≥., {engine_desc}, {hours} –º/—á. {condition}. {extra}. –¶–µ–Ω–∞: {price}. –ü–æ–¥—Ö–æ–¥–∏—Ç –¥–ª—è —ç–∫—Å–ø–ª—É–∞—Ç–∞—Ü–∏–∏!"
"–ü—Ä–æ–¥–∞–º {machine}, {year}. –¶–µ–Ω–∞: {price}."
"–¢–µ—Ö–Ω–∏–∫–∞ –ø–æ—Å–ª–µ –∫–∞–ø—Ä–µ–º–æ–Ω—Ç–∞ –¥–≤–∏–≥–∞—Ç–µ–ª—è. {machine}, {year}, {hours} –º/—á. {engine_desc}. {condition}. {extra}. {price}."
"–î–ª—è —Ç–µ—Ö, –∫—Ç–æ –Ω–µ —Ö–æ—á–µ—Ç –≤–æ–∑–∏—Ç—å—Å—è —Å —Ä–µ–º–æ–Ω—Ç–æ–º: {machine}, {year}, {hours} –º/—á. {engine_desc}. {condition}. {extra}. {price}."
"–ö–∞—Ç–æ–∫ {brand} {model}, {year}. {engine_desc}. {hours} –º/—á. {condition}. –ü–æ–¥—Ö–æ–¥–∏—Ç –¥–ª—è —É–ø–ª–æ—Ç–Ω–µ–Ω–∏—è –≥—Ä—É–Ω—Ç–∞ –ø–æ—Å–ª–µ –≤—ã—Ä—É–±–∫–∏. {price}."
"–ü—Ä–æ–¥–∞—é {machine}, {year} –≥., {engine_desc}, {hours} –º/—á. {condition}. {extra}. –¶–µ–Ω–∞: {price}. –ü–æ–¥—Ö–æ–¥–∏—Ç –¥–ª—è –ø—Ä–æ–≤–µ—Ä–∫–∏!"
–ü—Ä–æ–¥–∞—é {machine} {year} –≥–æ–¥–∞. {engine_desc}. {hours} –º/—á. {condition}. {extra}. –¶–µ–Ω–∞: {price}.
"–ü—Ä–æ–¥–∞—é {machine}, {year} –≥., {engine_desc}, {hours} –º/—á. {condition}. {extra}. –¶–µ–Ω–∞: {price}. –ü–æ–¥—Ö–æ–¥–∏—Ç –¥–ª—è –ø–æ–¥–≥–æ—Ç–æ–≤–∫–∏!"
"–ü—Ä–æ–¥–∞—é {machine}, {year} –≥., –¥–≤–∏–∂–æ–∫ {engine_desc}, ~{hours} –º/—á. {condition}. {extra}. –¶–µ–Ω–∞: {price}."
"–ü—Ä–æ–¥–∞—é {machine}, {year}, {engine_desc}, {hours} –º/—á, {extra}. –¶–µ–Ω–∞: {price}."
"–ü—Ä–æ–¥–∞—é {machine}, {year} –≥., {engine_desc}, {hours} –º/—á. {condition}. {extra}. –¶–µ–Ω–∞: {price}. –ü–æ–¥—Ö–æ–¥–∏—Ç –¥–ª—è –ø—Ä–µ–∑–µ–Ω—Ç–∞—Ü–∏–π!"
–ü–∞—Å–ø–æ—Ä—Ç —Ç–µ—Ö–Ω–∏–∫–∏: {machine_type} {brand} {model}. –ì–æ–¥ –≤—ã–ø—É—Å–∫–∞: {year}. –î–≤–∏–≥–∞—Ç–µ–ª—å: {engine_desc}. –ú–∞–∫—Å. —ç–∫—Å–ø–ª—É–∞—Ç–∞—Ü–∏–æ–Ω–Ω–∞—è –º–∞—Å—Å–∞: {explluatacionnaya_massa}.
"–ü—Ä–æ–¥–∞—é {condition}, {machine}, {year}, {engine_desc}. –¶–µ–Ω–∞: {price}."
–ü—Ä–æ–¥–∞—é {brand} {model} {year} –≥.–≤. {state}. {probeg_value} {probeg}. {motochasi_value} {motochasi}. {engine_power} –ª.—Å. {engine_volume}. {vin}. {massa}. {price_value} —Ä—É–±.
"–ü—Ä–æ–¥–∞—é {machine} {year} –≥–æ–¥–∞, {engine_desc}, {hours} –º/—á. –¶–µ–Ω–∞: {price}."
"–ü—Ä–æ–¥–∞–º {machine}, {engine_desc}, {year}, {hours} –º/—á. –¶–µ–Ω–∞: {price}."
"–ü—Ä–æ–¥–∞—é {machine}, {year} –≥., {engine_desc}, {hours} –º/—á. {condition}. {extra}. –¶–µ–Ω–∞: {price}. –ë–µ–∑ –¥–æ–ª–≥–æ–≤ –∏ –æ–±—Ä–µ–º–µ–Ω–µ–Ω–∏–π."
"–ü—Ä–æ–¥–∞—é {machine}, {year} –≥., {engine_desc}, {hours} –º/—á. {condition}. {extra}. –¶–µ–Ω–∞: {price}. –ü–æ–¥—Ö–æ–¥–∏—Ç –¥–ª—è –Ω–æ–≤–æ–π —ç–ø–æ—Ö–∏ –≤ —Ä–∞–±–æ—Ç–µ!"
"–ü—Ä–æ–¥–∞—é {brand} {model} ({les_type}). {year} –≥–æ–¥–∞ –≤—ã–ø—É—Å–∫–∞. {engine_power} –ª.—Å., {engine_volume}, {motochasi_value} –º–æ—Ç–æ—á–∞—Å–æ–≤. –¶–µ–Ω–∞: {price_value} —Ä—É–±."
"–ü—Ä–æ–¥–∞—é {machine}, {year} –≥., {engine_desc}, {hours} –º/—á. {condition}. {extra}. –¶–µ–Ω–∞: {price}. –ü–æ–¥—Ö–æ–¥–∏—Ç –¥–ª—è —Ä–µ–º–æ–Ω—Ç–∞ –¥–æ—Ä–æ–≥!"
"–¢–µ—Ö–Ω–∏–∫–∞ –≤ –æ—Ç–ª–∏—á–Ω–æ–º —Ç–µ—Ö—Å–æ—Å—Ç–æ—è–Ω–∏–∏, –≤—Å–µ —É–∑–ª—ã –ø—Ä–æ–≤–µ—Ä–µ–Ω—ã. {machine}, {year}, {hours} –º/—á. {engine_desc}. {condition}. {extra}. {price}."
–û—Ü–µ–Ω–æ—á–Ω–æ–µ –∑–∞–∫–ª—é—á–µ–Ω–∏–µ: {machine_type} {brand} {model} ({year}) —Å –¥–≤–∏–≥–∞—Ç–µ–ª–µ–º {engine_desc} –∏ –Ω–∞—Ä–∞–±–æ—Ç–∫–æ–π {motochasi_value} –º/—á. –†—ã–Ω–æ—á–Ω–∞—è —Å—Ç–æ–∏–º–æ—Å—Ç—å: {price_value} —Ä—É–±.
"–ü—Ä–æ–¥–∞—é {machine}, {year} –≥., {engine_desc}, {hours} –º/—á. {condition}. {extra}. –¶–µ–Ω–∞: {price}. –ü–æ–¥—Ö–æ–¥–∏—Ç –¥–ª—è –ø—Ä–æ–∫–∞—Ç–∞!"
–¢–µ—Ö–Ω–∏–∫–∞ {brand} {model} {year} –≥.–≤. {state}. {motochasi_value} –º–æ—Ç–æ—á–∞—Å–æ–≤. {engine_desc}. {vin}. {price_value} —Ä—É–±.
–ü—Ä–æ–¥–∞–º {brand} {model} {year} –≥.–≤. {state}. {probeg_value} {probeg}. {motochasi_value} {motochasi}. {engine_power} –ª.—Å. {engine_volume}. {vin}. {obyom_kovsha}. {price_value} —Ä—É–±.
"–í –Ω–∞–ª–∏—á–∏–∏: {machine} {year}, {hours} –º/—á. {engine_desc}. {condition}. {extra}. –ó–≤–æ–Ω–∏—Ç–µ –ø—Ä—è–º–æ —Å–µ–π—á–∞—Å!"
"–ü—Ä–æ–¥–∞–º –±–µ–∑ —Å–∞–Ω—Ç–∏–º–µ—Ç—Ä–æ–≤–æ–π –ø—ã–ª–∏ –≤ –∫–∞–±–∏–Ω–µ! {brand} {model}, {year}, {motochasi_value} –º/—á. {engine_desc}. {state}. {price_value} —Ä—É–±."
"–ü–æ–≥—Ä—É–∑—á–∏–∫ —Ñ—Ä–æ–Ω—Ç–∞–ª—å–Ω—ã–π {brand} {model}, {year}. {engine_power} –ª.—Å., {hours} –º/—á. {condition}. {price_value} —Ä—É–±."
–õ–æ–≥ –ø–æ–ª–æ–º–æ–∫: {date} ‚Äî —É {machine_type} {brand} {model} ({year}) –∑–∞—Ñ–∏–∫—Å–∏—Ä–æ–≤–∞–Ω —Å–±–æ–π –≤ –≥–∏–¥—Ä–∞–≤–ª–∏–∫–µ. –ù–∞—Ä–∞–±–æ—Ç–∫–∞ –Ω–∞ –º–æ–º–µ–Ω—Ç: {motochasi_value} –º/—á. –ü—Ä–∏—á–∏–Ω–∞: {failure_cause}.
"–°–æ–±—Å—Ç–≤–µ–Ω–Ω–∏–∫. {brand} {model} ({les_type}) {year} –≥–æ–¥–∞ –≤—ã–ø—É—Å–∫–∞. –ù–∞—Ä–∞–±–æ—Ç–∫–∞: {motochasi_value} –º–æ—Ç–æ—á–∞—Å–æ–≤. –î–≤–∏–≥–∞—Ç–µ–ª—å: {engine_power} –ª.—Å., {engine_volume}. –°–æ—Å—Ç–æ—è–Ω–∏–µ: {state}. –¶–µ–Ω–∞: {price_value} —Ä—É–±."
–ü—Ä–æ–¥–∞—é {machine} {year} –≥. –î–≤–∏–≥–∞—Ç–µ–ª—å {engine_desc}. –ù–∞—Ä–∞–±–æ—Ç–∫–∞ {hours} –º/—á. {condition}. {price}.
"–ü—Ä–æ–¥–∞—é {machine}, {year} –≥., {engine_desc}, {hours} –º/—á. {condition}. {extra}. –¶–µ–Ω–∞: {price}. –ü–æ–¥—Ö–æ–¥–∏—Ç –¥–ª—è –Ω–æ–≤–æ–π —ç–ø–æ—Ö–∏ –≤ –ø—Ä–æ–µ–∫—Ç–µ!"
"–ü—Ä–æ–¥–∞—é {brand} {model}, {year} –≥., {probeg_value} {probeg}, {motochasi_value} {motochasi}, –¥–≤–∏–∂–æ–∫ {engine_power} –ª.—Å., {price_value} —Ä—É–±."
"–ü—Ä–æ–¥–∞—é {machine}, {year} –≥., {engine_desc}, {hours} –º/—á. {condition}. {extra}. –¶–µ–Ω–∞: {price}. –¢–æ–ª—å–∫–æ –¥–æ –∫–æ–Ω—Ü–∞ –º–µ—Å—è—Ü–∞."
"–î–≤–∏–≥–∞—Ç–µ–ª—å {engine_desc} –ø—Ä–æ—à–µ–ª –¢–û. {machine} {year} –≥–æ–¥–∞, –Ω–∞—Ä–∞–±–æ—Ç–∫–∞ {hours} –º/—á. {condition}."
"–ü—Ä–æ–¥–∞—é {machine}, {year} –≥., {engine_desc}, {hours} –º/—á. {condition}. {extra}. –¶–µ–Ω–∞: {price}. –ü–æ–¥—Ö–æ–¥–∏—Ç –¥–ª—è –ø—Ä–æ–º—ã—à–ª–µ–Ω–Ω–æ—Å—Ç–∏!"
–ü—Ä–æ–¥–∞—é {brand} {model} {year} –≥.–≤. {state}. {probeg_value} {probeg}. {motochasi_value} {motochasi}. {engine_power} –ª.—Å. {engine_volume}. {privod}. {price_value} —Ä—É–±.
"–¢–µ—Ö–Ω–∏–∫–∞ —Å —Ö–∞—Ä–∞–∫—Ç–µ—Ä–æ–º, –Ω–æ –±–µ–∑ –∫–æ—Å—è–∫–æ–≤. {machine}, {year}, {hours} –º/—á. {engine_desc}. {condition}. {extra}. {price}."
"–ü—Ä–æ–¥–∞—é {machine}, {year} –≥., {engine_desc}, {hours} –º/—á. {condition}. {extra}. –¶–µ–Ω–∞: {price}. –ü–∏—à–∏—Ç–µ –≤ —Ç–µ–ª–µ–≥—Ä–∞–º."
–°–æ–±—Å—Ç–≤–µ–Ω–Ω–∏–∫. {brand} {model} {year} –≥.–≤. {state}. –ü—Ä–æ–±–µ–≥ {probeg_value} {probeg}. {motochasi_value} {motochasi}. {engine_power} –ª.—Å. {engine_volume}. {korobka_peredach}. –¶–µ–Ω–∞: {price_value} —Ä—É–±.
"–ü—Ä–æ–¥–∞–º {brand} {model}, {year} –≥., {probeg_value} {probeg}, {motochasi_value} {motochasi}, –¥–≤–∏–∂–æ–∫ {engine_power} –ª.—Å., {engine_volume}, {price_value} —Ä—É–±."
"–ü—Ä–æ–¥–∞—é {machine}, {year} –≥., {engine_desc}, {hours} –º/—á. {condition}. {extra}. –¶–µ–Ω–∞: {price}. –ü–æ–¥—Ö–æ–¥–∏—Ç –¥–ª—è –≥—Ä—É–∑–æ–ø–µ—Ä–µ–≤–æ–∑–æ–∫!"
"–õ–µ—Å–æ–≤–æ–∑ –ö–ê–ú–ê–ó {model}, {year}. –î–≤–∏–∂–æ–∫ {engine_desc}. –ü—Ä–æ–±–µ–≥: {probeg_value} –∫–º. {condition}. {price}."
"–ü—Ä–æ–¥–∞—é {machine} {year} –≥–æ–¥–∞, {engine_desc}, {hours} –º/—á. {condition}. {extra}. –¶–µ–Ω–∞: {price}."
–ü—Ä–æ–¥–∞—é {brand} {model} {year} –≥.–≤. {state}. {probeg_value} {probeg}. {motochasi_value} {motochasi}. {engine_power} –ª.—Å. {engine_volume}. {vin}. {obyom_kovsha}. {price_value} —Ä—É–±.
–¢–µ—Ö–Ω–∏–∫–∞ {brand} {model} {year} –≥.–≤. {state}. {probeg_value} {probeg}. {motochasi_value} {motochasi}. {engine_power} –ª.—Å. {engine_volume}. {vin}. {massa}. {price_value} —Ä—É–±.
"–ü–æ—Å–ª–µ –∫–∞–ø–∏—Ç–∞–ª—å–Ω–æ–≥–æ —Ä–µ–º–æ–Ω—Ç–∞. {machine}, {engine_desc}. {year}, {hours} –º/—á. {condition}. {extra}. {price}."
"–≠–∫—Å–∫–∞–≤–∞—Ç–æ—Ä-–ø–æ–≥—Ä—É–∑—á–∏–∫ {brand} {model}, {year}. –î–≤–∏–∂–æ–∫ {engine_desc}, {hours} –º/—á. {condition}. {price}."
"–ü—Ä–æ–¥–∞–µ—Ç—Å—è {brand} {model} ({les_type}) ‚Äî —Ä–∞–±–æ—Ç–∞–ª –≤ {les_work_site}. {year}, {motochasi_value} –º/—á. {engine_desc}. {state}. {price_value} —Ä—É–±."
"–ü—Ä–æ–¥–∞–º {brand} {model}, {year} –≥., {probeg_value} {probeg}, {motochasi_value} {motochasi}, –¥–≤–∏–∂–æ–∫ {engine_power} –ª.—Å., {price_value} —Ä—É–±."
"–í—Å—ë –∂–∏–≤–æ–µ ‚Äî —Ä–∞–±–æ—Ç–∞–µ—Ç! {brand} {model} ({les_type}), {year}, {motochasi_value} –º/—á. {engine_desc}. {state}. {price_value} —Ä—É–±."
"–ü—Ä–æ–¥–∞–º {brand} {model} ({les_type}). {year} –≥–æ–¥–∞ –≤—ã–ø—É—Å–∫–∞. –ù–∞—Ä–∞–±–æ—Ç–∫–∞: {motochasi_value} –º–æ—Ç–æ—á–∞—Å–æ–≤. –î–≤–∏–≥–∞—Ç–µ–ª—å: {engine_power} –ª.—Å., {engine_volume}. –°–æ—Å—Ç–æ—è–Ω–∏–µ: {state}. –¶–µ–Ω–∞: {price_value} —Ä—É–±."
"–ö–∞–ø–∏—Ç–∞–ª—å–Ω—ã–π —Ä–µ–º–æ–Ω—Ç. {engine_desc} –Ω–∞ {machine}. {year}, {hours} –º/—á. {condition}. {extra}. {price}."
"–¢–µ—Ö–Ω–∏–∫–∞ –æ–±—Å–ª—É–∂–∏–≤–∞–ª–∞—Å—å —Å—Ç—Ä–æ–≥–æ –ø–æ —Ä–µ–≥–ª–∞–º–µ–Ω—Ç—É. {machine}, {year}, {hours} –º/—á. {engine_desc}. {condition}. {extra}. {price}."
–¢–µ—Ö–Ω–∏–∫–∞ {brand} {model} {year} –≥.–≤. {state}. {probeg_value} {probeg}. {motochasi_value} {motochasi}. {engine_power} –ª.—Å. {engine_volume}. {vin}. {visota_podiema}. {price_value} —Ä—É–±.
–°—Ç–∞—Ç–∏—Å—Ç–∏–∫–∞ –ø–∞—Ä–∫–∞: —Å—Ä–µ–¥–Ω—è—è –Ω–∞—Ä–∞–±–æ—Ç–∫–∞ {machine_type} –≤ {year} –≥–æ–¥—É ‚Äî {avg_hours} –º/—á. –ù–∞–∏–±–æ–ª–µ–µ —Ä–∞—Å–ø—Ä–æ—Å—Ç—Ä–∞–Ω—ë–Ω–Ω—ã–π –¥–≤–∏–≥–∞—Ç–µ–ª—å: {engine_desc}.
"–ü—Ä–æ–¥–∞—é {machine} {year} –≥–æ–¥–∞, {engine_desc}, {hours} –º/—á. {condition}. –¶–µ–Ω–∞: {price}."
–ü—Ä–æ–¥–∞–º {brand} {model} {year} –≥.–≤. {state}. {probeg_value} {probeg}. {motochasi_value} {motochasi}. {engine_power} –ª.—Å. {engine_volume}. {pricep_type}. {loading_weight}. {price_value} —Ä—É–±.
"–ü—Ä–æ–¥–∞—é {machine}, {year} –≥., {engine_desc}, {hours} –º/—á. {condition}. {extra}. –¶–µ–Ω–∞: {price}. –ü–æ–¥—Ö–æ–¥–∏—Ç –¥–ª—è —Å—Ç—Ä–æ–∏—Ç–µ–ª—å—Å—Ç–≤–∞!"
–õ–µ—Å–Ω–∞—è —Ç–µ—Ö–Ω–∏–∫–∞: {brand} {model} ({les_type}). {year}. {motochasi_value} –º/—á. {engine_desc}. {state}. {price_value} —Ä—É–±.
"–ü—Ä–æ–¥–∞—é {machine}, {year} –≥., –¥–≤–∏–∂–æ–∫ {engine_desc}, {hours} –º/—á. –¶–µ–Ω–∞: {price}."
–ü—Ä–æ–¥–∞–º {brand} {model} {year} –≥.–≤. {state}. {probeg_value} {probeg}. {motochasi_value} {motochasi}. {engine_power} –ª.—Å. {engine_volume}. {fuel_tank_capacity}. {price_value} —Ä—É–±.
"–ü—Ä–æ–¥–∞—é {machine}, {year} –≥., {engine_desc}, {hours} –º/—á. {condition}. {extra}. –¶–µ–Ω–∞: {price}. –ë–µ–∑ —Ç–æ—Ä–≥–∞!"
"–ü—Ä–æ–¥–∞—é {machine}, {year}, {engine_desc}, {hours} –º/—á, {condition}, {extra}. –¶–µ–Ω–∞: {price}."
"–î–ª—è —Ç–µ—Ö, –∫—Ç–æ —Ü–µ–Ω–∏—Ç –Ω–∞–¥—ë–∂–Ω–æ—Å—Ç—å: {machine} {year} –≥–æ–¥–∞. {engine_desc}. {hours} –º/—á. {condition}. {extra}. {price}."
–ü—Ä–æ–¥–∞–º {machine}. {year} –≥–æ–¥–∞ –≤—ã–ø—É—Å–∫–∞. –î–≤–∏–≥–∞—Ç–µ–ª—å: {engine_desc}. –ù–∞—Ä–∞–±–æ—Ç–∫–∞: {hours} –º–æ—Ç–æ—á–∞—Å–æ–≤. {condition}. {price}.
"–ü—Ä–æ–¥–∞—é {machine}, {year} –≥., {engine_desc}, {hours} –º/—á. {condition}. {extra}. –¶–µ–Ω–∞: {price}. –ü–æ–¥—Ö–æ–¥–∏—Ç –¥–ª—è –∞—Ä–º–∏–∏!"
"–¢–µ—Ö–Ω–∏–∫–∞ –≤ –ø–∞—Ä–∫–µ: {machine_type} ‚Äî {brand} {model}, {year} –≥.–≤., VIN: {vin}, —Ç–µ–∫—É—â–∞—è –Ω–∞—Ä–∞–±–æ—Ç–∫–∞ ‚Äî {hours} –º–æ—Ç–æ—á–∞—Å–æ–≤. –û—Ç–≤–µ—Ç—Å—Ç–≤–µ–Ω–Ω—ã–π: {operator_name}."
–¢–µ—Ö–Ω–∏–∫–∞ {brand} {model} {year} –≥.–≤. {state}. {probeg_value} {probeg}. {motochasi_value} {motochasi}. {engine_power} –ª.—Å. {engine_volume}. {vin}. {visota_vigruzki}. {price_value} —Ä—É–±.
"–ü—Ä–æ–¥–∞–º —Å—Ä–æ—á–Ω–æ ‚Äî –ø–µ—Ä–µ–µ–∑–∂–∞—é. {machine}, {year}, {hours} –º/—á. {engine_desc}. {condition}. {extra}. {price}."
"–ü—Ä–æ–¥–∞–µ—Ç—Å—è {machine} –≤ —Ä–∞–±–æ—á–µ–º —Å–æ—Å—Ç–æ—è–Ω–∏–∏. –ì–æ–¥: {year}, –º–æ—Ç–æ—á–∞—Å–æ–≤: {hours}. –î–≤–∏–≥–∞—Ç–µ–ª—å: {engine_desc}. {condition}. {extra}. –ó–≤–æ–Ω–∏—Ç–µ ‚Äî –æ—Ç–≤–µ—á—É –Ω–∞ –≤—Å–µ –≤–æ–ø—Ä–æ—Å—ã!"
–ü—Ä–æ–¥–∞–º {machine} {year} –≥–æ–¥–∞. {engine_desc}. –¶–µ–Ω–∞: {price}.
–°—Ä–æ—á–Ω–æ! –ü—Ä–æ–¥–∞–µ—Ç—Å—è –≥—Ä–µ–π–¥–µ—Ä {machine} {year} –≥.–≤. {engine_desc}. {hours} –º/—á. {condition}. –¶–µ–Ω–∞ —Å–Ω–∏–∂–µ–Ω–∞: {price}.
"–ü—Ä–æ–¥–∞–º {brand} {model} ({les_type}). –†–∞–±–æ—Ç–∞–ª –Ω–∞ {les_work_site}. {year} –≥–æ–¥–∞ –≤—ã–ø—É—Å–∫–∞. –ù–∞—Ä–∞–±–æ—Ç–∫–∞: {motochasi_value} –º–æ—Ç–æ—á–∞—Å–æ–≤. –î–≤–∏–≥–∞—Ç–µ–ª—å: {engine_power} –ª.—Å., {engine_volume}. –¶–µ–Ω–∞: {price_value} —Ä—É–±."
–í –Ω–∞–ª–∏—á–∏–∏ {machine}. –ì–æ–¥ –≤—ã–ø—É—Å–∫–∞: {year}. –ú–æ—Ç–æ—á–∞—Å—ã: {hours}. –£—Å—Ç–∞–Ω–æ–≤–ª–µ–Ω {engine_desc}. {condition}. {extra}. –°–æ–±—Å—Ç–≤–µ–Ω–Ω–∏–∫. {price}.
"–ü—Ä–æ–¥–∞–º {brand} {model} ({les_type}). {year} –≥–æ–¥–∞ –≤—ã–ø—É—Å–∫–∞. –ù–∞—Ä–∞–±–æ—Ç–∫–∞: {motochasi_value} –º/—á. –î–≤–∏–≥–∞—Ç–µ–ª—å: {engine_power} –ª.—Å., {engine_volume}. –¶–µ–Ω–∞: {price_value} —Ä—É–±."
"–ü—Ä–æ–¥–∞—é {machine}, {year} –≥., {engine_desc}, {hours} –º/—á. {condition}. {extra}. –¶–µ–Ω–∞: {price}. –ü–æ–¥—Ö–æ–¥–∏—Ç –¥–ª—è –Ω–∞—Å—Ç—Ä–æ–π–∫–∏!"
"–ü—Ä–æ–¥–∞–º {brand} {model} ({les_type}). –ò—Å–ø–æ–ª—å–∑—É–µ—Ç—Å—è –¥–ª—è {les_work_type}. {year} –≥–æ–¥–∞ –≤—ã–ø—É—Å–∫–∞. –ù–∞—Ä–∞–±–æ—Ç–∫–∞: {motochasi_value} –º–æ—Ç–æ—á–∞—Å–æ–≤. –î–≤–∏–≥–∞—Ç–µ–ª—å: {engine_power} –ª.—Å., {engine_volume}. –¶–µ–Ω–∞: {price_value} —Ä—É–±."
–ü—Ä–æ–¥–∞—é {brand} {model} {year} –≥.–≤. {state}. {probeg_value} {probeg}. {motochasi_value} {motochasi}. {engine_power} –ª.—Å. {engine_volume}. {fuel_tank_capacity}. {price_value} —Ä—É–±.
–ü—Ä–æ–¥–∞–º {brand} {model} {year} –≥.–≤. {state}. {probeg_value} {probeg}. {motochasi_value} {motochasi}. {engine_power} –ª.—Å. {engine_volume}. {vin}. {massa}. {price_value} —Ä—É–±.
"–ü—Ä–æ–¥–∞—é {machine}, {year}, {engine_desc}. –¶–µ–Ω–∞: {price}."
"–ú–∏–Ω–∏-–ø–æ–≥—Ä—É–∑—á–∏–∫ {brand} {model} —Å –∫–æ–≤—à–æ–º –∏ –≥–∏–¥—Ä–æ–º–æ–ª–æ—Ç–æ–º. {year}, {engine_desc}, {motochasi_value} –º/—á. {price_value} —Ä—É–±."
"–ü—Ä–æ–¥–∞—é {machine}, {year} –≥., {engine_desc}, {hours} –º/—á. {condition}. {extra}. –¶–µ–Ω–∞: {price}. –ü–æ–¥—Ö–æ–¥–∏—Ç –¥–ª—è —Ä–µ–º–æ–Ω—Ç–∞ —Ç–µ—Ö–Ω–∏–∫–∏!"
"–ù–∞–¥—ë–∂–Ω—ã–π –ø–æ–º–æ—â–Ω–∏–∫ –≤ –ª–µ—Å—É: {brand} {model}, {year}, {motochasi_value} –º/—á. {engine_desc}. {state}. {price_value} —Ä—É–±."
–î–∞–Ω–Ω—ã–µ –º–æ–Ω–∏—Ç–æ—Ä–∏–Ω–≥–∞: {machine_type} {brand} {model} –Ω–∞—Ö–æ–¥–∏–ª—Å—è –≤ –∑–æ–Ω–µ {les_area_type} —Å {start_date} –ø–æ {end_date}. –°—Ä–µ–¥–Ω—è—è –Ω–∞—Ä–∞–±–æ—Ç–∫–∞ –≤ —Å—É—Ç–∫–∏: {avg_hours_per_day} –º/—á.
"–ê—Ä–µ–Ω–¥–∞ {machine}. {engine_desc}, {year}, {hours} –º/—á. {condition}. {extra}. –¶–µ–Ω–∞: {price}."
"–ü—Ä–æ–¥–∞—é {machine} {year} –≥.–≤., –¥–≤–∏–∂–æ–∫ {engine_desc}, –Ω–∞—Ä–∞–±–æ—Ç–∫–∞ {hours} –º/—á. {condition}. {extra}. {price}."
–ü—Ä–æ–¥–∞–º {brand} {model} {year} –≥.–≤. {state}. {probeg_value} {probeg}. {motochasi_value} {motochasi}. {engine_power} –ª.—Å. {engine_volume}. {vin}. {visota_podiema}. {price_value} —Ä—É–±.
–ü—Ä–æ–¥–∞—é {machine}. –¶–µ–Ω–∞: {price}.
"–ê–≤—Ç–æ–≥—Ä–µ–π–¥–µ—Ä {brand} {model} ({year}). {engine_power} –ª.—Å., {engine_volume}. {motochasi_value} –º/—á. {state}. {price_value} —Ä—É–±."
"–ü—Ä–æ–¥–∞—é {machine}, {year} –≥., {engine_desc}, {hours} –º/—á. {condition}. {extra}. –¶–µ–Ω–∞: {price}. –ü–æ–¥—Ö–æ–¥–∏—Ç –¥–ª—è —Å–µ–ª—å—Ö–æ–∑—Ä–∞–±–æ—Ç!"
"–ü—Ä–æ–¥–∞—é {machine}, {year} –≥., {engine_desc}, {hours} –º/—á. {condition}. {extra}. –¶–µ–Ω–∞: {price}. –¶–µ–Ω–∞ —Å–Ω–∏–∂–µ–Ω–∞!"
"–ü—Ä–æ–¥–∞—é —Ç—Ä–∞–∫—Ç–æ—Ä {brand} {model} ‚Äî –∏–¥–µ–∞–ª–µ–Ω –¥–ª—è –≤—ã–≤–æ–∑–∫–∏ —Ö–ª—ã—Å—Ç–æ–≤. {year}, {engine_desc}, {motochasi_value} –º/—á. {price}."
"–î–ª—è –∞—Ä–µ–Ω–¥—ã –∏–ª–∏ –ø–æ–∫—É–ø–∫–∏. {machine}, {year}, {engine_desc}, {hours} –º/—á. {condition}. {extra}. {price}."
–ü—Ä–æ–¥–∞—é {brand} {model} {year} –≥.–≤. {state}. {probeg_value} {probeg}. {motochasi_value} {motochasi}. {engine_power} –ª.—Å. {engine_volume}. {zadnyaya_podveska}. {price_value} —Ä—É–±.
"–õ—É—á—à–µ –æ–¥–∏–Ω —Ä–∞–∑ —É–≤–∏–¥–µ—Ç—å! {brand} {model} ({les_type}), {year}, {motochasi_value} –º/—á. {engine_desc}. {state}. {price_value} —Ä—É–±."
"–ü—Ä–æ–¥–∞—é {machine}, {year} –≥., {engine_desc}, {hours} –º/—á. {condition}. {extra}. –¶–µ–Ω–∞: {price}. –ü–æ–¥—Ö–æ–¥–∏—Ç –¥–ª—è –æ–±—Å–ª—É–∂–∏–≤–∞–Ω–∏—è!"
"–ü—Ä–æ–¥–∞—é {brand} {model}, {year} –≥., ~{probeg_value} {probeg}, {motochasi_value} {motochasi}, –¥–≤–∏–∂–æ–∫ {engine_power} –ª.—Å., {engine_volume}, {korobka_peredach}, {price_value} —Ä—É–±."
–õ–æ–≥ –ø–µ—Ä–µ–º–µ—â–µ–Ω–∏–π: {timestamp} ‚Äî {machine_type} {brand} {model} –ø–µ—Ä–µ–º–µ—â—ë–Ω –∏–∑ {location_from} –≤ {location_to}. –ù–∞—Ä–∞–±–æ—Ç–∫–∞ –Ω–∞ –º–æ–º–µ–Ω—Ç: {motochasi_value} –º/—á.
"–ü—Ä–æ–¥–∞—é {engine_desc}, {machine}, {year}. –¶–µ–Ω–∞: {price}."
"–£—Å–ª—É–≥–∏ –ø–æ —ç–∫—Å–ø–ª—É–∞—Ç–∞—Ü–∏–∏ {machine} —Å –¥–≤–∏–≥–∞—Ç–µ–ª–µ–º {engine_desc}. {year}, {hours} –º/—á. {condition}. –ü–æ–¥—Ä–æ–±–Ω–æ—Å—Ç–∏: +7 (XXX) XXX-XX-XX."
–ñ—É—Ä–Ω–∞–ª –æ–ø–µ—Ä–∞—Ç–æ—Ä–∞: {date} ‚Äî —Ä–∞–±–æ—Ç–∞–ª –Ω–∞ {machine_type} {brand} {model} ({year}). –í—ã–ø–æ–ª–Ω–µ–Ω–æ: {task_description}. –ù–∞—Ä–∞–±–æ—Ç–∫–∞: +{hours_delta} –º/—á.
"–ü—Ä–æ–¥–∞—é {machine}, {year} –≥., {engine_desc}, {hours} –º/—á. {condition}. {extra}. –¶–µ–Ω–∞: {price}. –ü–æ–¥—Ö–æ–¥–∏—Ç –¥–ª—è –Ω–æ–≤–æ–π –∂–∏–∑–Ω–∏!"
–ü—Ä–æ–¥–∞–º {machine} {year} –≥–æ–¥–∞. –î–≤–∏–∂–æ–∫: {engine_desc}. –ù–∞—Ä–∞–±–æ—Ç–∫–∞: {hours} –º/—á. {condition}. {price}.
"–ü—Ä–æ–¥–∞—é {machine}, {year} –≥., {engine_desc}, {hours} –º/—á. –¶–µ–Ω–∞: {price}."
"–ú–∏–Ω–∏-–ø–æ–≥—Ä—É–∑—á–∏–∫ {brand} {model}, {year}. –í—Å–µ–≥–æ {motochasi_value} –º/—á. {engine_desc}. {state}. {price_value} —Ä—É–±."
"–ü—Ä–æ–¥–∞—é {brand} {model} ({les_type}). {year} –≥–æ–¥–∞ –≤—ã–ø—É—Å–∫–∞. –î–≤–∏–≥–∞—Ç–µ–ª—å: {engine_power} –ª.—Å., {engine_volume}, {motochasi_value} –º–æ—Ç–æ—á–∞—Å–æ–≤. –¶–µ–Ω–∞: {price_value} —Ä—É–±."
"–¢–µ—Ö–Ω–∏–∫–∞ –≤ –æ—Ç–ª–∏—á–Ω–æ–º —Å–æ—Å—Ç–æ—è–Ω–∏–∏. {machine}, {year}. {engine_desc}. {extra}. –ù–µ –±–∏—Ç–∞—è, –Ω–µ –∫—Ä–∞—à–µ–Ω–∞—è. –û–¥–∏–Ω –≤–ª–∞–¥–µ–ª–µ—Ü. {price}. –ö–æ–Ω—Ç–∞–∫—Ç: +7 (XXX) XXX-XX-XX."
"–ü—Ä–æ–¥–∞—é {condition}, {extra}, {machine}, {year}, {engine_desc}. –¶–µ–Ω–∞: {price}."
"–ê—Ä—Ö–∏–≤–Ω–∞—è –∫–∞—Ä—Ç–æ—á–∫–∞: {machine_type} ¬´{brand} {model}¬ª (–∑–∞–≤. ‚Ññ{serial_number}), –≤—ã–ø—É—â–µ–Ω –≤ {year}. –ü–æ—Å–ª–µ–¥–Ω—è—è –∏–Ω—Å–ø–µ–∫—Ü–∏—è: {inspection_date}. –°–æ—Å—Ç–æ—è–Ω–∏–µ: {state}."
"–¢–µ—Ö–Ω–∏–∫–∞ –Ω–µ –¥–ª—è –≥–∞—Ä–∞–∂–∞ ‚Äî –¥–ª—è –Ω–∞—Å—Ç–æ—è—â–µ–π —Ä–∞–±–æ—Ç—ã! {brand} {model} {les_type}, {year}, {motochasi_value} –º/—á. {engine_desc}. {state}. {price_value} —Ä—É–±."
"–°–æ—Å—Ç–æ—è–Ω–∏–µ ‚Äî –∫–∞–∫ —Å –∫–æ–Ω–≤–µ–π–µ—Ä–∞ (–Ω—É –ø–æ—á—Ç–∏ üòä). {machine}, {year}, {hours} –º/—á. {engine_desc}. {condition}. {extra}. {price}."
"–ü—Ä–æ–¥–∞—é {machine}, {year} –≥., {engine_desc}, {hours} –º/—á. {condition}. {extra}. –¶–µ–Ω–∞: {price}. –ü–æ–¥—Ö–æ–¥–∏—Ç –¥–ª—è –∞—Ä–µ–Ω–¥—ã!"
"–ü—Ä–æ–¥–∞—é {machine}, {year} –≥., {engine_desc}, {hours} –º/—á. {condition}. {extra}. –¶–µ–Ω–∞: {price}. –°—Ä–æ—á–Ω–æ!"
"–ü—Ä–æ–¥–∞—é {machine}, {year} –≥.–≤., {engine_desc}, {hours} –º/—á. –¶–µ–Ω–∞: {price}."
"–ü—Ä–æ–¥–∞—é {machine}, {year} –≥., {engine_desc}, {hours} –º/—á. {condition}. {extra}. –¶–µ–Ω–∞: {price}. –†–∞–±–æ—Ç–∞–µ—Ç –∏—Å–ø—Ä–∞–≤–Ω–æ!"
"–ü—Ä–æ–¥–∞—é {machine}, {year} –≥.–≤. –¶–µ–Ω–∞: {price}."
–ü—Ä–æ–¥–∞–º {brand} {model} {year} –≥.–≤. {state}. {probeg_value} {probeg}. {motochasi_value} {motochasi}. {engine_power} –ª.—Å. {engine_volume}. {tip_tormozov}. {price_value} —Ä—É–±.
"–ü—Ä–æ–¥–∞—é {brand} {model} ({les_type}). {year} –≥–æ–¥–∞ –≤—ã–ø—É—Å–∫–∞. {motochasi_value} –º–æ—Ç–æ—á–∞—Å–æ–≤. –î–≤–∏–≥–∞—Ç–µ–ª—å: {engine_power} –ª.—Å., {engine_volume}. –¶–µ–Ω–∞: {price_value} —Ä—É–±."
"–ù–µ —É–ø—É—Å—Ç–∏! –û—Ç–ª–∏—á–Ω–∞—è —Ç–µ—Ö–Ω–∏–∫–∞: {machine}, {year}, –≤—Å–µ–≥–æ {hours} –º–æ—Ç–æ—á–∞—Å–æ–≤. {engine_desc}. –í –∏–¥–µ–∞–ª–µ! {condition}. {extra}. {price}."
"–ü—Ä–æ–¥–∞—é {machine}, {year} –≥., {engine_desc}, {hours} –º/—á. {condition}. {extra}. –¶–µ–Ω–∞: {price}. –ó–≤–æ–Ω–∏—Ç—å —Å 9 –¥–æ 20. +7 (XXX) XXX-XX-XX."
"–ü—Ä–æ–¥–∞—é {machine}, {year} –≥., {engine_desc}, {hours} –º/—á. {condition}. {extra}. –¶–µ–Ω–∞: {price}. –ü–æ–¥—Ö–æ–¥–∏—Ç –¥–ª—è –Ω–æ–≤–æ–π —ç–ø–æ—Ö–∏ –≤ –±–∏–∑–Ω–µ—Å–µ!"
"–ò–∑ –ï–≤—Ä–æ–ø—ã, –Ω–æ —Å —Ä—É—Å—Å–∫–æ–π –¥–æ–∫—É–º–µ–Ω—Ç–∞—Ü–∏–µ–π. {machine}, {year}, {hours} –º/—á. {engine_desc}. {condition}. {extra}. {price}."
–ñ—É—Ä–Ω–∞–ª —É—á—ë—Ç–∞: {date} ‚Äî {machine_type} {brand} {model} ({year}) –≤—ã–≤–µ–¥–µ–Ω –Ω–∞ –ª–∏–Ω–∏—é. –ù–∞—á–∞–ª—å–Ω–∞—è –Ω–∞—Ä–∞–±–æ—Ç–∫–∞: {hours_start} –º/—á. –ö–æ–Ω–µ—á–Ω–∞—è: {hours_end} –º/—á.
"–ü—Ä–æ–¥–∞—é {machine}, {year} –≥., {engine_desc}, {hours} –º/—á. {condition}. {extra}. –¶–µ–Ω–∞: {price}. –ü–æ–¥—Ö–æ–¥–∏—Ç –¥–ª—è —Ä–µ–º–æ–Ω—Ç–∞!"
"–ü—Ä–æ–¥–∞—é {machine}, {year} –≥., {engine_desc}, {hours} –º/—á. {condition}. {extra}. –¶–µ–Ω–∞: {price}. –ü–æ–¥—Ö–æ–¥–∏—Ç –¥–ª—è –∑–∞–º–µ–Ω—ã!"
"–ü—Ä–æ–¥–∞–º {brand} {model}. {state}. {year} –≥.–≤. {probeg_value} {probeg}. {engine_power} –ª.—Å., {engine_volume}. {motochasi_value} {motochasi}. {korobka_peredach}. {price_value} —Ä—É–±."
"–ü—Ä–æ–¥–∞—é {machine}, {year} –≥., {engine_desc}, {hours} –º/—á. {condition}. {extra}. –¶–µ–Ω–∞: {price}. –í–æ–∑–º–æ–∂–µ–Ω –ª–∏–∑–∏–Ω–≥."
"–ü—Ä–æ–¥–∞–µ—Ç—Å—è {brand} {model} {year} –≥.–≤. –°–æ—Å—Ç–æ—è–Ω–∏–µ: {state}. –ü—Ä–æ–±–µ–≥: {probeg_value} {probeg}. –î–≤–∏–≥–∞—Ç–µ–ª—å: {engine_power} –ª.—Å., {engine_volume}. {motochasi_value} {motochasi}. {korobka_peredach}. –¶–µ–Ω–∞: {price_value} —Ä—É–±."
–ò–Ω–≤–µ–Ω—Ç–∞—Ä–Ω—ã–π –Ω–æ–º–µ—Ä: {inventory_id}. –¢–∏–ø: {machine_type}. –ú–æ–¥–µ–ª—å: {brand} {model}. –ì–æ–¥ –≤—ã–ø—É—Å–∫–∞: {year}. –ù–∞—Ä–∞–±–æ—Ç–∫–∞: {hours} –º/—á. –°–æ—Å—Ç–æ—è–Ω–∏–µ: {condition}.
–ë–µ–∑ –∞–≤–∞—Ä–∏–π. {machine} {year} –≥–æ–¥–∞. {engine_desc}. {hours} –º/—á. {condition}. {extra}. {price}.
"–ë–∞–∑–∞ –¥–∞–Ω–Ω—ã—Ö —Ç–µ—Ö–Ω–∏–∫–∏: –∑–∞–ø–∏—Å—å #{record_id} ‚Äî —Ç–∏–ø: {machine_type}, –±—Ä–µ–Ω–¥: {brand}, –º–æ–¥–µ–ª—å: {model}, –≥–æ–¥: {year}, –æ–±—ä—ë–º –î–í–°: {engine_volume}, –º–æ—â–Ω–æ—Å—Ç—å: {engine_power} –ª.—Å."
"–ü—Ä–æ–¥–∞—é {machine}, {year}, {engine_desc}, {hours} –º/—á. –¶–µ–Ω–∞: {price}."
"–ü—Ä–æ–¥–∞—é {machine}, {year} –≥., {engine_desc}, {hours} –º/—á. {condition}......."
"–ü–æ—Å–ª–µ –ø–æ–ª–Ω–æ–≥–æ –¢–û. {machine}, {year}, {hours} –º/—á. {engine_desc}. {condition}. {extra}. –ì–æ—Ç–æ–≤ –∫ —Ä–∞–±–æ—Ç–µ —Å—Ä–∞–∑—É –ø–æ—Å–ª–µ –ø–æ–∫—É–ø–∫–∏. {price}."
"–¢–µ—Ö–Ω–∏–∫–∞ {brand} {model} ({les_type}) {year} –≥–æ–¥–∞ –≤—ã–ø—É—Å–∫–∞. –ù–∞—Ä–∞–±–æ—Ç–∫–∞: {motochasi_value} –º–æ—Ç–æ—á–∞—Å–æ–≤. –î–≤–∏–≥–∞—Ç–µ–ª—å: {engine_power} –ª.—Å., {engine_volume}. –°–æ—Å—Ç–æ—è–Ω–∏–µ: {state}. –¶–µ–Ω–∞: {price_value} —Ä—É–±."
"–ê–≤—Ç–æ–∫—Ä–∞–Ω {brand} {model} ‚Äî —Ä–∞–±–æ—Ç–∞–ª –Ω–∞ —Å—Ç—Ä–æ–π–∫–µ, –Ω–µ –≤ –ª–µ—Å—É. {year}, {hours} –º/—á. {engine_desc}. {condition}. {price}."
"–ü—Ä–æ–¥–∞—é –∫–æ–º–±–∞–π–Ω ‚Äî –Ω–µ –∫–∏—Ç–∞–π! {brand} {model}, {year}, {engine_desc}, {hours} –º/—á. {condition}. {price}."
"–ü—Ä–æ–¥–∞–º {brand} {model} ({les_type}). {year} –≥–æ–¥–∞ –≤—ã–ø—É—Å–∫–∞. {motochasi_value} –º/—á. –î–≤–∏–≥–∞—Ç–µ–ª—å: {engine_power} –ª.—Å., {engine_volume}. –¶–µ–Ω–∞: {price_value} —Ä—É–±."
"–ü—Ä–æ–¥–∞–º {brand} {model} {les_type}. {year} –≥–æ–¥–∞ –≤—ã–ø—É—Å–∫–∞. –ù–∞—Ä–∞–±–æ—Ç–∫–∞: {motochasi_value} –º–æ—Ç–æ—á–∞—Å–æ–≤. –î–≤–∏–≥–∞—Ç–µ–ª—å: {engine_power} –ª.—Å., {engine_volume}. {state}. –¶–µ–Ω–∞: {price_value} —Ä—É–±."
"–ü—Ä–æ–¥–∞—é {machine}, {year} –≥., {engine_desc}, {hours} –º/—á. {condition}. {extra}. –¶–µ–Ω–∞: {price}. –ü–æ–¥—Ö–æ–¥–∏—Ç –¥–ª—è –Ω–æ–≤–æ–π –∏–¥–µ–∏!"
"–¢–µ—Ö–Ω–∏–∫–∞ {brand} {model} –≤ –æ—Ç–ª–∏—á–Ω–æ–º —Å–æ—Å—Ç–æ—è–Ω–∏–∏. {year} –≥–æ–¥–∞, {probeg_value} {probeg}, {motochasi_value} {motochasi}. –î–≤–∏–≥–∞—Ç–µ–ª—å {engine_power} –ª.—Å., {engine_volume}. {korobka_peredach}. {price_value} —Ä—É–±."
"–ü—Ä–æ–¥–∞–º {machine}, {engine_desc}. –¶–µ–Ω–∞: {price}."
–ü—Ä–æ–¥–∞–º {machine}. –¶–µ–Ω–∞: {price}.
–°—Ä–æ—á–Ω–æ! –ü—Ä–æ–¥–∞–º {machine} {year}. –ú–æ—Ç–æ—á–∞—Å—ã: ~{hours}. –î–≤–∏–≥–∞—Ç–µ–ª—å {engine_desc} (–≤–æ–∑–º–ª–∂–Ω–æ Cummins). {extra}. {price}.
"–ü—Ä–æ–¥–∞—é {machine}, {year} –≥., {engine_desc}, {hours} –º/—á. {condition}. {extra}. –¶–µ–Ω–∞: {price}. –ü–æ–¥—Ö–æ–¥–∏—Ç –¥–ª—è –∞—Ä–µ–Ω–¥–∞!"
"–ù–µ –≥–Ω–∏—ë—Ç –≤ –≥–∞—Ä–∞–∂–µ ‚Äî —Ä–∞–±–æ—Ç–∞–µ—Ç –∫–∞–∂–¥—ã–π –¥–µ–Ω—å! {machine}, {year}, {hours} –º/—á. {engine_desc}. {condition}. {extra}. {price}."
"–ü—Ä–æ–¥–∞—é {machine}, {year}. –¶–µ–Ω–∞: {price}."
–ü—Ä–æ–¥–∞–º —Ñ–æ—Ä–≤–∞—Ä–¥–µ—Ä {brand} {model}. {year} –≥.–≤. {engine_desc}. {motochasi_value} –º–æ—Ç–æ—á–∞—Å–æ–≤. {state}. {price_value} —Ä—É–±.
"–ü—Ä–æ–¥–∞–º {machine}, {engine_desc}, {year}, {hours} –º/—á. {condition}. {extra}. –¶–µ–Ω–∞: {price}."
"–ü—Ä–æ–¥–∞—é {machine}, {year} –≥., {engine_desc}, {hours} –º/—á. {condition}. {extra}. –¶–µ–Ω–∞: {price}. –ü–æ–¥—Ö–æ–¥–∏—Ç –¥–ª—è –Ω–æ–≤–æ–π —ç–ø–æ—Ö–∏!"
"–ò–¥–µ–∞–ª –¥–ª—è —Ä–∞–±–æ—Ç—ã –≤ —Ç–∞–π–≥–µ! {brand} {model} ({les_type}), {year}. {motochasi_value} –º–æ—Ç–æ—á–∞—Å–æ–≤. {engine_desc}. {state}. {price_value} —Ä—É–±."
–ù–∞ —Ö–æ–¥—É! {machine} {year} –≥–æ–¥–∞. {engine_desc}. {hours} –º/—á. {condition}. {extra}. –ó–∞–±–∏—Ä–∞–π—Ç–µ ‚Äî —Ä–∞–±–æ—Ç–∞–µ—Ç –æ—Ç–ª–∏—á–Ω–æ. {price}.
–î–∞–Ω–Ω—ã–µ GPS-—Ç—Ä–µ–∫–µ—Ä–∞: {machine_type} {brand} {model} –Ω–∞—Ö–æ–¥–∏–ª—Å—è –≤ —Ä–∞–π–æ–Ω–µ {coordinates} –Ω–∞ {date}. –°—Ä–µ–¥–Ω—è—è —Å–∫–æ—Ä–æ—Å—Ç—å: {avg_speed} –∫–º/—á. –ù–∞—Ä–∞–±–æ—Ç–∫–∞: {hours} –º/—á.
"–ü—Ä–æ–¥–∞–º —Ç–µ—Ö–Ω–∏–∫—É ‚Äî –Ω–µ –≥—Ä–µ–µ—Ç, –Ω–µ –¥—ã–º–∏—Ç, –Ω–µ —Å—Ç—É—á–∏—Ç. {machine}, {year}, {hours} –º/—á. {engine_desc}. {condition}. {extra}. {price}."
"–ü—Ä–æ–¥–∞—é {machine}, {year} –≥.–≤., –¥–≤–∏–∂–æ–∫ {engine_desc}, ~{hours} –º/—á. {condition}. {extra}. –¶–µ–Ω–∞: {price}."
"–ü—Ä–æ–¥–∞–º {brand} {model} ‚Äî —Ä–∞–±–æ—Ç–∞–ª –≤ –ª–µ—Å—É, –Ω–æ —É—Ö–æ–∂–µ–Ω. {year}, {motochasi_value} –º/—á. {engine_desc}. {state}. {price_value} —Ä—É–±."
"–ü—Ä–æ–¥–∞—é {machine}, {year} –≥., {engine_desc}, {hours} –º/—á. {condition}. {extra}. –¶–µ–Ω–∞: {price}. –í–æ–∑–º–æ–∂–Ω–∞ –¥–æ—Å—Ç–∞–≤–∫–∞."
–ü—Ä–æ–¥–∞–º {brand} {model} {year} –≥.–≤. {state}. {probeg_value} {probeg}. {motochasi_value} {motochasi}. {engine_power} –ª.—Å. {engine_volume}. {vin}. {explluatacionnaya_massa}. {price_value} —Ä—É–±.
"{brand} {model} ‚Äî –Ω–µ –ö–ê–ú–ê–ó–∑, –∞ –Ω–∞—Å—Ç–æ—è—â–∏–π –ª–µ—Å–æ–≤–æ–∑! {year}, {motochasi_value} –º–æ—Ç–æ—á–∞—Å–æ–≤. {engine_desc}. {state}. {price_value} —Ä—É–±."
"–ü—Ä–æ–¥–∞–º ‚Äî –Ω–µ –∂–∞–ª–∫–æ, –Ω–æ –∏ –Ω–µ –¥—ë—à–µ–≤–æ. {brand} {model}, {year}, {motochasi_value} –º/—á. {engine_desc}. {state}. {price_value} —Ä—É–±."
"–ù–µ—Ç –≤—Ä–µ–º–µ–Ω–∏ –Ω–∞ –±–∞–∑–∞—Ä ‚Äî —Ü–µ–Ω–∞ —Ñ–∏–∫—Å. {brand} {model}, {year}, {motochasi_value} –º/—á. {engine_desc}. {state}. {price_value} —Ä—É–±."
"–ü—Ä–æ–¥–∞—é {machine}, {year} –≥., {engine_desc}, {hours} –º/—á. {condition}. {extra}. –¶–µ–Ω–∞: {price}. –¢–æ—Ä–≥ —É–º–µ—Å—Ç–µ–Ω."
"–ü—Ä–æ–¥–∞—é {machine}, {year} –≥., {engine_desc}, {hours} –º/—á. {condition}. {extra}. –¶–µ–Ω–∞: {price}. –°—Ä–æ—á–Ω–∞—è –ø—Ä–æ–¥–∞–∂–∞."
–¢–µ—Ö–Ω–∏–∫–∞ {brand} {model} {year} –≥.–≤. {state}. {probeg_value} {probeg}. {motochasi_value} {motochasi}. {engine_power} –ª.—Å. {engine_volume}. {tip_tormozov}. {price_value} —Ä—É–±.
–ü—Ä–æ–¥–∞—é {machine} {year} –≥–æ–¥–∞ –≤—ã–ø—É—Å–∫–∞. –î–≤–∏–≥–∞—Ç–µ–ª—å: {engine_desc}. –ù–∞—Ä–∞–±–æ—Ç–∫–∞ {hours} –º–æ—Ç–æ—á–∞—Å–æ–≤. {condition}. {extra}. –¶–µ–Ω–∞: {price}. –ó–≤–æ–Ω–∏—Ç–µ: +7 (XXX) XXX-XX-XX.
–ü—Ä–æ–¥–∞–º {brand} {model} {year} –≥.–≤. {state}. {probeg_value} {probeg}. {motochasi_value} {motochasi}. {engine_power} –ª.—Å. {engine_volume}. {zadnyaya_podveska}. {price_value} —Ä—É–±.
"–ù–µ –∫–∏—Ç–∞–π! –ù–∞—Å—Ç–æ—è—â–∞—è {brand} —Ç–µ—Ö–Ω–∏–∫–∞. {model}, {year}, {motochasi_value} –º/—á. {engine_desc}. {state}. {price_value} —Ä—É–±."
"–†–∞–±–æ—Ç–∞–ª —Ç–æ–ª—å–∫–æ –Ω–∞ –æ–¥–Ω–æ–º –æ–±—ä–µ–∫—Ç–µ. {machine} {year} –≥., {hours} –º/—á. {engine_desc}. {condition}. {extra}. –î–æ–∫—É–º–µ–Ω—Ç—ã —á–∏—Å—Ç—ã–µ. {price}."
"{engine_desc} ‚Äî —É—Å—Ç–∞–Ω–æ–≤–ª–µ–Ω –Ω–∞ {machine}. –†–∞–±–æ—Ç–∞–µ—Ç –∏—Å–ø—Ä–∞–≤–Ω–æ. {year}, {hours} –º/—á. {condition}. {extra}."
–¢–µ—Ö–Ω–∏–∫–∞ {brand} {model} {year} –≥.–≤. {state}. {probeg_value} {probeg}. {motochasi_value} {motochasi}. {engine_power} –ª.—Å. {engine_volume}. {hod_traktora}. {price_value} —Ä—É–±.
"–¢–æ–ª—å–∫–æ —á—Ç–æ –ø—Ä–æ—à—ë–ª –¥–∏–∞–≥–Ω–æ—Å—Ç–∏–∫—É. {machine}, {year}, {hours} –º/—á. {engine_desc}. {condition}. {extra}. {price}."
"–ü—Ä–æ–¥–∞–º {machine}, {engine_desc}, {year}. –¶–µ–Ω–∞: {price}."
"–ü—Ä–æ–¥–∞–º {brand} {model} {year} –≥.–≤. {state}. {probeg_value} {probeg}, {motochasi_value} {motochasi}. –î–≤–∏–≥–∞—Ç–µ–ª—å: {engine_power} –ª.—Å., {engine_volume}. {fuel_tank_capacity}. {korobka_peredach}. {price_value} —Ä—É–±."
"–ü—Ä–æ–¥–∞—é {machine}, {year} –≥., {engine_desc}, {hours} –º/—á. {condition}. {extra}. –¶–µ–Ω–∞: {price}. –ü–æ–¥—Ö–æ–¥–∏—Ç –¥–ª—è —Å–ø–µ—Ü—Å–ª—É–∂–±!"
–ë—É–ª—å–¥–æ–∑–µ—Ä {brand} {model} ({year}). {engine_desc}. {hours} –º/—á. {condition}. {extra}. {price}.
"–ü–æ—Å–ª–µ –¢–û. {machine} {year}, {engine_desc}, {hours} –º/—á. {condition}. {extra}. {price}."
–ü—Ä–æ–¥–∞–º {machine} —Å –ø—Ä–æ–±–µ–≥–æ–º {probeg_value} {probeg} –∏ {motochasi_value} –º/—á. {year}. {engine_power} –ª.—Å. {engine_volume}. {price_value} —Ä—É–±.
–°—Ä–æ—á–Ω–æ! –ü—Ä–æ–¥–∞–º {machine} {year} –≥–æ–¥–∞. –ù–∞—Ä–∞–±–æ—Ç–∫–∞ –≤—Å–µ–≥–æ {hours} –º/—á. {engine_desc} ‚Äî —Ä–∞–±–æ—Ç–∞–µ—Ç –±–µ–∑ –ø–µ—Ä–µ–±–æ–µ–≤. {condition}. {extra}. {price}.
